claim_id,claim,evidence,component
windows_dense_endpoint,"On one Windows RTX 4050 host and 100k x 384 AG News rows, all-row completed-call P95 was 16.6567 ms for Qenlo CPU, 3.2404 ms for WGPU predicate, 4.2428 ms for WGPU compact rows, and 4.4591 ms for WGPU mask.","[""benchmarks/2026-08-28/real/cpu-384-all-v4"", ""benchmarks/2026-08-28/real/gpu-predicate-384-all-v5"", ""benchmarks/2026-08-28/real/gpu-rows-384-all-v4"", ""benchmarks/2026-08-28/real/gpu-mask-384-all-v4"", ""docs/results-2026-08-28.md""]",historical
windows_selective_endpoint,"On the same Windows corpus at E=1000 (1% eligible), CPU P95 was 0.2304 ms, compact-row WGPU 0.6766 ms, and shader-predicate WGPU 2.8832 ms; all had recall 1.0.","[""benchmarks/2026-08-28/real/cpu-384-onepct"", ""benchmarks/2026-08-28/real/gpu-rows-384-onepct"", ""benchmarks/2026-08-28/real/gpu-predicate-384-onepct-v4""]",historical
windows_native_crossover,"The post-hoc RTX 4050 compact-row sweep brackets a CPU/WGPU winner reversal between E=2000 and E=3000: CPU/WGPU P95 ratios are 0.8199, 1.1742, 1.2392, 1.2309, 1.1625, and 1.0792 for E=2k,3k,4k,6k,8k,10k.","[""research/data/processed/native_crossover_summary.csv"", ""research/data/raw/2026-09-02-native-crossover/cpu-e{2000,3000,4000,6000,8000,10000}"", ""research/data/raw/2026-09-02-native-crossover/gpu-rows-e{2000,3000,4000,6000,8000,10000}""]",historical
static_router_regret,"Applying the shipped 4096-row static rule counterfactually to the six crossover cells misroutes E=3000 and E=4000, with relative P95 regret 17.4239% and 23.9173%; it selects the measured fastest route in the other four cells.","[""research/data/processed/static_router_regret.csv"", ""research/scripts/analyze_results.py"", ""paper/figures/routing_regret.pdf""]",historical
eligibility_materialization_ablation,"On a separate RTX 4090/Vulkan cohort, one-pass and cached eligibility preparation reduced median run-level P95 versus legacy two-pass at E=1k,4k,6k,100k; all rows retained oracle recall 1.0 at sparse E and 0.99998 at E=100k.","[""research/data/processed/eligibility_ablation_summary.csv"", ""research/artifacts/qenlo-phase1-eligibility-2026-09-04.tar.gz"", ""research/scripts/analyze_results.py"", ""paper/figures/eligibility_ablation.pdf""]",historical
linux_library_context,"On one Linux RunPod 100k x 384 replay, Qenlo CPU P95 was 12.901 ms, FAISS Flat 10.217 ms, USearch 5.093 ms, FAISS HNSW 1.494 ms, Chroma HNSW 3.777 ms, Milvus Lite 76.229 ms, and LanceDB Flat 242.256 ms; recall ranged 0.9914--1.0.","[""benchmark-results/2026-09-02-runpod-archive/retained-archive/artifacts/*"", ""research/data/processed/linux_library_summary.csv"", ""benchmarks/runpod/2026-09-02-bb51987/README.md""]",historical
android_mali_device_lab,"Author-supplied Android 16/API 36 Mali-G615 results report recall@10=1.0 and no fallback in all 21 cells; at 100k x 384 batch 1 soak, CPU P95 27.019 ms and WGPU exact P95 17.678 ms, while batch-8 WGPU P95 11.131 ms.","[""research/data/processed/android_device_lab.csv"", ""research/data/raw/2026-09-02-android/PROVENANCE.md"", ""docs/device-lab.md"", ""paper/figures/android_matched.pdf""]",historical
intel_arc_device_lab,"On one Intel Arc Vulkan device-lab submission, all 21 cells report recall@10=1.0/no fallback; 100k x 384 soak exact WGPU P95 was 4.444 ms versus CPU 16.486 ms, while IVF-Flat was 2.704 ms.","[""benchmarks/2026-08-31/device-lab/intel-arc/reports.json"", ""benchmarks/2026-08-31/device-lab/intel-arc/README.md""]",historical
a6000_synthetic_cuda_crossover,"On an RTX A6000, a research PyTorch/CUDA buffered prototype was slower than FAISS GPU Flat at E=1k and 10k but faster at E=100k and 1M; P95 pairs were (0.097541,0.085716), (0.155722,0.137350), (0.567277,0.788721), and (4.668280,6.347464) ms (prototype, FAISS).","[""research/data/raw/2026-09-02-a6000-cuda/heldout/manifest.json"", ""research/data/raw/2026-09-02-a6000-cuda/heldout/raw_samples.csv"", ""research/data/processed/a6000_exact_summary.csv"", ""paper/figures/a6000_exact_crossover.png""]",historical
a6000_real_strict_gate,"On the strict 1M x 768 TopK cohort with E=10026, FAISS GPU Flat P95 was 0.132222 ms, NumPy CPU 0.197311 ms, and a research CUDA prototype 0.170722 ms; all three qualified at recall@10=1.0, while cuVS recall 0.9 was disqualified.","[""benchmark-results/2026-09-02-runpod-a6000-strict-research-gate/README.md"", ""benchmark-results/2026-09-02-runpod-a6000-strict-research-gate/strict-gate/summary.json"", ""benchmark-results/2026-09-02-runpod-a6000-strict-research-gate/strict-qenlo-isolated/summary.json"", ""research/data/processed/a6000_strict_summary.csv""]",historical
runpod_external_library_replay,"The retained RunPod 100k x 384 replay measured Qenlo CPU 12.901 ms, Qenlo USearch 5.093 ms, Chroma 3.777 ms, FAISS Flat 10.217 ms, FAISS HNSW 1.494 ms, Milvus Lite 76.229 ms, and LanceDB Flat 242.256 ms P95.","[""benchmarks/runpod/2026-09-02-bb51987/README.md"", ""benchmarks/runpod/2026-09-02-bb51987/artifacts/qenlo-cpu/summary.txt"", ""benchmarks/runpod/2026-09-02-bb51987/artifacts/qenlo-usearch/summary.txt"", ""benchmarks/runpod/2026-09-02-bb51987/artifacts/{chroma,faiss-flat,faiss-hnsw,milvus,lancedb-flat}/summary.json""]",historical
a6000_provider_approximate_one_percent,The earlier provider-compatible TopK A6000 experiment reported Qenlo CUDA prototype P95 0.1834 ms versus FAISS GPU Flat 0.1332 ms and cuVS 1.1156 ms at approximately 1% eligibility; all had supplied-ground-truth recall 1.0 in that cell.,"[""docs/reports/2026-09-02-topk-a6000-assessment.md"", ""benchmark-results/sota-a6000-topk-2026-09-02/cosine_inclusive/summary.json"", ""benchmark-results/sota-a6000-topk-2026-09-02/cosine_inclusive/p95_latency.png""]",historical
CAMP-001,"The reduced campaign contains 182 retained rows: 131 completed, 42 failed_or_unavailable, 7 failed, and 2 invalid_harness.","[""research/artifacts/runpod-small-2026-09-05/report/performance-matrix.csv"", ""research/artifacts/runpod-small-2026-09-05/report/performance-matrix.json"", ""research/artifacts/runpod-small-2026-09-05/report/performance-report.md""]",campaign
D768-001,"On a Runpod RTX 4090 Vulkan host, corrected 100000 x 768 rows have FP64-oracle recall 1.0 for every retained engine in both d4 (batch 1, k=1, unfiltered) and d5 (batch 8, k=64, 10% eligible) cells.","[""research/artifacts/runpod-small-2026-09-05/deep768/rtx4090-eu-ro-secure-deep768-admission-fix/artifacts/runs/d4-r100000-d768-b1-k1-f1/*/summary.*"", ""research/artifacts/runpod-small-2026-09-05/deep768/rtx4090-eu-ro-secure-deep768-admission-fix/artifacts/runs/d5-r100000-d768-b8-k64-f01/*/summary.*"", ""research/artifacts/runpod-small-2026-09-05/report/performance-matrix.csv""]",campaign
D768-002,"Corrected d4 P95 completed-call latency is Qenlo CPU 9.409 ms, Qenlo WGPU 0.897 ms, FAISS Flat 14.800 ms, NumPy 15.343 ms, Torch CPU 18.695 ms, and Torch CUDA 0.671 ms.","[""research/artifacts/runpod-small-2026-09-05/report/performance-matrix.csv"", ""research/artifacts/runpod-small-2026-09-05/report/performance-matrix.json"", ""research/artifacts/runpod-small-2026-09-05/deep768/rtx4090-eu-ro-secure-deep768-admission-fix/artifacts/runs/d4-r100000-d768-b1-k1-f1/""]",campaign
D768-003,"Corrected d5 P95 completed-call latency is Qenlo CPU 28.599 ms, Qenlo WGPU 0.896 ms, FAISS Flat 3.055 ms, NumPy 6.202 ms, Torch CPU 2.936 ms, and Torch CUDA 0.384 ms.","[""research/artifacts/runpod-small-2026-09-05/report/performance-matrix.csv"", ""research/artifacts/runpod-small-2026-09-05/deep768/rtx4090-eu-ro-secure-deep768-admission-fix/artifacts/runs/d5-r100000-d768-b8-k64-f01/""]",campaign
RESOURCE-001,"For corrected d5 WGPU, Qenlo-owned accelerator allocation is 314.909 MB, process RSS high-water mark is 1.174577 GB, device scoring is 0.072 ms, selection is 0.613 ms, and backend execution is 0.826 ms; corrected d4 allocation is 311.181 MB and RSS is 1.203675 GB.","[""research/artifacts/runpod-small-2026-09-05/report/performance-matrix.csv"", ""research/artifacts/runpod-small-2026-09-05/deep768/rtx4090-eu-ro-secure-deep768-admission-fix/artifacts/runs/d4-r100000-d768-b1-k1-f1/current-gpu/samples.csv"", ""research/artifacts/runpod-small-2026-09-05/deep768/rtx4090-eu-ro-secure-deep768-admission-fix/artifacts/runs/d5-r100000-d768-b8-k64-f01/current-gpu/samples.csv""]",campaign
LIFE-001,"On the 10000 x 384 unfiltered RTX 4090 WGPU lifecycle run, add-one, delete-one, add-batch, and delete-batch first-search P95 values are 0.598, 0.631, 0.740, and 0.819 ms respectively; mutation cells rebuilt zero times, deletion checks passed, reopen took 52.169 ms, and the separate first search after reopen took 101.296 ms with one rebuilt resident state.","[""research/artifacts/runpod-small-2026-09-05/reference/rtx4090-eu-ro-secure-reference-retry/extracted/artifacts/lifecycle-current-gpu/summary.txt"", ""research/artifacts/runpod-small-2026-09-05/reference/rtx4090-eu-ro-secure-reference-retry/extracted/artifacts/lifecycle-current-gpu/lifecycle.csv"", ""crates/qenlo-bench/src/main.rs:451-467""]",campaign
SELECTOR-001,"The lane-minimum selector candidate wins 5 and loses 7 of 12 qualified frozen-baseline pairs; it is rejected as an unconditional replacement, while the durable/local implementation retains the simpler full-rescan selector.","[""research/artifacts/runpod-small-2026-09-05/report/performance-matrix.csv"", ""research/artifacts/runpod-small-2026-09-05/report/performance-report.md"", ""research/artifacts/runpod-small-2026-09-05/current-source.tar.gz"", ""research/artifacts/runpod-small-2026-09-05/baseline-source.tar.gz"", ""crates/qenlo/src/gpu_exact.wgsl""]",campaign
CHROMA-001,"Qenlo WGPU is faster than Chroma in seven qualified paired cells, with observed Chroma/Qenlo P95 ratios from 3.700x to 3233.136x; three Chroma rows fail the predeclared recall gate.","[""research/artifacts/runpod-small-2026-09-05/report/performance-matrix.csv"", ""research/artifacts/runpod-small-2026-09-05/report/performance-report.md"", ""research/artifacts/runpod-small-2026-09-05/reference/rtx4090-eu-ro-secure-reference-retry/extracted/artifacts/runs/*/chroma/summary.json"", ""research/artifacts/runpod-small-2026-09-05/deep/rtx4090-eu-ro-secure-deep/extracted/artifacts/runs/*/chroma-ef512/summary.json""]",campaign
FAIL-001,"The campaign preserves four pre-fix 100000 x 768 failures, two initial invalid-harness rows, three Chroma recall-gate failures, and 42 unavailable primary-configuration rows.","[""research/artifacts/runpod-small-2026-09-05/report/performance-matrix.csv"", ""research/artifacts/runpod-small-2026-09-05/deep768/rtx4090-eu-ro-secure-deep768-invalid-harness/"", ""research/artifacts/runpod-small-2026-09-05/deep768/rtx4090-eu-ro-secure-deep768-retry/"", ""research/artifacts/runpod-small-2026-09-05/deep768/rtx4090-eu-ro-secure-deep768-admission-fix/"", ""research/artifacts/runpod-small-2026-09-05/common/*/outcome.json""]",campaign
OPS-001,"The final captured Runpod account daily spend is 0.9400778694252952 USD, no campaign pods remain, and the campaign retained no volume. The ledger began at 0.9096019977878312 USD; the observed account-spend delta is 0.030475871637464 USD and is not a definitive campaign-only cost because billing attribution and lag are not isolated.","[""research/artifacts/runpod-small-2026-09-05/campaign-summary.json"", ""research/artifacts/runpod-small-2026-09-05/ledger.jsonl"", ""research/artifacts/runpod-small-2026-09-05/billing-pods-final.jsonl""]",campaign
UNQUAL-001,The only completed but unqualified matrix row is USearch on d2-r25000-d384-b64-k10-f1: recall_at_k=0.3453125 and P95=83.313304 ms; it is excluded from qualified latency comparisons.,"[""research/artifacts/runpod-small-2026-09-05/report/performance-matrix.csv"", ""research/artifacts/runpod-small-2026-09-05/report/performance-matrix.json"", ""research/artifacts/runpod-small-2026-09-05/deep/rtx4090-eu-ro-secure-deep/extracted/artifacts/runs/d2-r25000-d384-b64-k10-f1/usearch/summary.json""]",campaign
SYS-001,"Canonical ingestion and query normalization produce FP32 vectors using an FP64 norm accumulator; non-finite, zero-norm, and dimension-invalid inputs are rejected.",[],system
SYS-002,"The CPU path is exhaustive over eligible canonical rows, but its scoring pipeline contains an FP32 candidate stage and an FP64 final ranking boundary.",[],system
SYS-003,"Native CPU, native GPU host merge, WGSL selector, and TorchIndex define deterministic distance-then-ID ordering within their implementation precision.",[],system
SYS-004,"EligibilityPlan binds predicate materialization and representation to the canonical generation and supports one-pass, legacy two-pass, and generation/filter-keyed cached preparation.",[],system
SYS-005,"Exact row execution validates eligible row ordering, bounds, liveness, and predicate membership; malformed or stale rows fail closed.",[],system
SYS-006,Required-GPU mode returns initialization/preparation/search errors rather than silently falling back; automatic mode may use CPU and records a fallback reason.,[],system
SYS-007,File-backed commit validates a whole ordered batch before WAL publication and canonical visibility; in-memory mutation has no durability guarantee.,[],system
SYS-008,"Resident exact GPU state can be updated incrementally after add/delete when capacity, layout, chunk, and budget constraints permit; otherwise a later preparation can rebuild it.",[],system
SYS-009,"TorchIndex supports the device type names CPU, CUDA, and MPS, with availability checks, but current repository tests provide CPU conformance and negative CUDA coverage rather than positive CUDA/MPS evidence.",[],system
SYS-010,TorchIndex.from_collection captures a filtered generation and sequential search rejects the view after a canonical mutation.,[],system
SYS-011,"The old appendix can describe an FP64 oracle and deterministic ordering, but its wording that tied cutoffs accept only deterministic members selected by that order overstates cross-engine oracle equivalence.",[],system
SYS-012,The current phrase 'Atomic batches publish only after validation and durable staging' requires a file-backed qualifier.,[],system
SYS-013,A double-checked concurrent TorchIndex snapshot guarantee is not supported by the current source.,[],system
S-row-001,"rtx2000-eu-ro-secure-pilot / p1-r1000-d128-b1-f1 / baseline-cpu: status completed, qualified True, P95 60152.0 ns, recall 1.0",research/artifacts/runpod-small-2026-09-05/report/performance-matrix.csv row 1,campaign-row
S-row-002,"rtx2000-eu-ro-secure-pilot / p1-r1000-d128-b1-f1 / baseline-gpu: status completed, qualified True, P95 151475.0 ns, recall 1.0",research/artifacts/runpod-small-2026-09-05/report/performance-matrix.csv row 2,campaign-row
S-row-003,"rtx2000-eu-ro-secure-pilot / p1-r1000-d128-b1-f1 / current-gpu: status completed, qualified True, P95 194986.0 ns, recall 1.0",research/artifacts/runpod-small-2026-09-05/report/performance-matrix.csv row 3,campaign-row
S-row-004,"a40-ca-mtl-secure / c1-r1000-d128-b1-f1 / baseline-cpu: status completed, qualified True, P95 32647.0 ns, recall 1.0",research/artifacts/runpod-small-2026-09-05/report/performance-matrix.csv row 4,campaign-row
S-row-005,"a40-ca-mtl-secure / c1-r1000-d128-b1-f1 / baseline-gpu: status completed, qualified True, P95 140554.0 ns, recall 1.0",research/artifacts/runpod-small-2026-09-05/report/performance-matrix.csv row 5,campaign-row
S-row-006,"a40-ca-mtl-secure / c1-r1000-d128-b1-f1 / current-gpu: status completed, qualified True, P95 159459.0 ns, recall 1.0",research/artifacts/runpod-small-2026-09-05/report/performance-matrix.csv row 6,campaign-row
S-row-007,"a40-ca-mtl-secure / c2-r1000-d384-b16-f001 / current-gpu: status completed, qualified True, P95 239818.0 ns, recall 1.0",research/artifacts/runpod-small-2026-09-05/report/performance-matrix.csv row 7,campaign-row
S-row-008,"a40-ca-mtl-secure / c3-r10000-d128-b16-f1 / current-gpu: status completed, qualified True, P95 427716.0 ns, recall 1.0",research/artifacts/runpod-small-2026-09-05/report/performance-matrix.csv row 8,campaign-row
S-row-009,"a40-ca-mtl-secure / c4-r10000-d384-b1-f001 / baseline-cpu: status completed, qualified True, P95 18987.0 ns, recall 1.0",research/artifacts/runpod-small-2026-09-05/report/performance-matrix.csv row 9,campaign-row
S-row-010,"a40-ca-mtl-secure / c4-r10000-d384-b1-f001 / baseline-gpu: status completed, qualified True, P95 129394.0 ns, recall 1.0",research/artifacts/runpod-small-2026-09-05/report/performance-matrix.csv row 10,campaign-row
S-row-011,"a40-ca-mtl-secure / c4-r10000-d384-b1-f001 / current-gpu: status completed, qualified True, P95 151370.0 ns, recall 1.0",research/artifacts/runpod-small-2026-09-05/report/performance-matrix.csv row 11,campaign-row
S-row-012,"a40-ca-mtl-secure / c5-r100000-d128-b1-f001 / baseline-cpu: status completed, qualified True, P95 90237.0 ns, recall 1.0",research/artifacts/runpod-small-2026-09-05/report/performance-matrix.csv row 12,campaign-row
S-row-013,"a40-ca-mtl-secure / c5-r100000-d128-b1-f001 / baseline-gpu: status completed, qualified True, P95 165776.0 ns, recall 1.0",research/artifacts/runpod-small-2026-09-05/report/performance-matrix.csv row 13,campaign-row
S-row-014,"a40-ca-mtl-secure / c5-r100000-d128-b1-f001 / current-gpu: status completed, qualified True, P95 158960.0 ns, recall 1.0",research/artifacts/runpod-small-2026-09-05/report/performance-matrix.csv row 14,campaign-row
S-row-015,"a40-ca-mtl-secure / c6-r100000-d384-b16-f1 / current-gpu: status completed, qualified True, P95 13768480.0 ns, recall 1.0",research/artifacts/runpod-small-2026-09-05/report/performance-matrix.csv row 15,campaign-row
S-row-016,"a40-eu-se-secure / c1-r1000-d128-b1-f1 / baseline-cpu: status completed, qualified True, P95 31366.0 ns, recall 1.0",research/artifacts/runpod-small-2026-09-05/report/performance-matrix.csv row 16,campaign-row
S-row-017,"a40-eu-se-secure / c1-r1000-d128-b1-f1 / baseline-gpu: status completed, qualified True, P95 230417.0 ns, recall 1.0",research/artifacts/runpod-small-2026-09-05/report/performance-matrix.csv row 17,campaign-row
S-row-018,"a40-eu-se-secure / c1-r1000-d128-b1-f1 / current-gpu: status completed, qualified True, P95 177931.0 ns, recall 1.0",research/artifacts/runpod-small-2026-09-05/report/performance-matrix.csv row 18,campaign-row
S-row-019,"a40-eu-se-secure / c2-r1000-d384-b16-f001 / current-gpu: status completed, qualified True, P95 357355.0 ns, recall 1.0",research/artifacts/runpod-small-2026-09-05/report/performance-matrix.csv row 19,campaign-row
S-row-020,"a40-eu-se-secure / c3-r10000-d128-b16-f1 / current-gpu: status completed, qualified True, P95 432978.0 ns, recall 1.0",research/artifacts/runpod-small-2026-09-05/report/performance-matrix.csv row 20,campaign-row
S-row-021,"a40-eu-se-secure / c4-r10000-d384-b1-f001 / baseline-cpu: status completed, qualified True, P95 19008.0 ns, recall 1.0",research/artifacts/runpod-small-2026-09-05/report/performance-matrix.csv row 21,campaign-row
S-row-022,"a40-eu-se-secure / c4-r10000-d384-b1-f001 / baseline-gpu: status completed, qualified True, P95 173274.0 ns, recall 1.0",research/artifacts/runpod-small-2026-09-05/report/performance-matrix.csv row 22,campaign-row
S-row-023,"a40-eu-se-secure / c4-r10000-d384-b1-f001 / current-gpu: status completed, qualified True, P95 158153.0 ns, recall 1.0",research/artifacts/runpod-small-2026-09-05/report/performance-matrix.csv row 23,campaign-row
S-row-024,"a40-eu-se-secure / c5-r100000-d128-b1-f001 / baseline-cpu: status completed, qualified True, P95 69164.0 ns, recall 1.0",research/artifacts/runpod-small-2026-09-05/report/performance-matrix.csv row 24,campaign-row
S-row-025,"a40-eu-se-secure / c5-r100000-d128-b1-f001 / baseline-gpu: status completed, qualified True, P95 200688.0 ns, recall 1.0",research/artifacts/runpod-small-2026-09-05/report/performance-matrix.csv row 25,campaign-row
S-row-026,"a40-eu-se-secure / c5-r100000-d128-b1-f001 / current-gpu: status completed, qualified True, P95 166598.0 ns, recall 1.0",research/artifacts/runpod-small-2026-09-05/report/performance-matrix.csv row 26,campaign-row
S-row-027,"a40-eu-se-secure / c6-r100000-d384-b16-f1 / current-gpu: status completed, qualified True, P95 13746546.0 ns, recall 1.0",research/artifacts/runpod-small-2026-09-05/report/performance-matrix.csv row 27,campaign-row
S-row-028,"a6000-eu-se-community / c1-r1000-d128-b1-f1 / current-gpu: status failed_or_unavailable, qualified False, P95 unmeasured ns, recall unmeasured",research/artifacts/runpod-small-2026-09-05/report/performance-matrix.csv row 28,campaign-row
S-row-029,"a6000-eu-se-community / c2-r1000-d384-b16-f001 / current-gpu: status failed_or_unavailable, qualified False, P95 unmeasured ns, recall unmeasured",research/artifacts/runpod-small-2026-09-05/report/performance-matrix.csv row 29,campaign-row
S-row-030,"a6000-eu-se-community / c3-r10000-d128-b16-f1 / current-gpu: status failed_or_unavailable, qualified False, P95 unmeasured ns, recall unmeasured",research/artifacts/runpod-small-2026-09-05/report/performance-matrix.csv row 30,campaign-row
S-row-031,"a6000-eu-se-community / c4-r10000-d384-b1-f001 / current-gpu: status failed_or_unavailable, qualified False, P95 unmeasured ns, recall unmeasured",research/artifacts/runpod-small-2026-09-05/report/performance-matrix.csv row 31,campaign-row
S-row-032,"a6000-eu-se-community / c5-r100000-d128-b1-f001 / current-gpu: status failed_or_unavailable, qualified False, P95 unmeasured ns, recall unmeasured",research/artifacts/runpod-small-2026-09-05/report/performance-matrix.csv row 32,campaign-row
S-row-033,"a6000-eu-se-community / c6-r100000-d384-b16-f1 / current-gpu: status failed_or_unavailable, qualified False, P95 unmeasured ns, recall unmeasured",research/artifacts/runpod-small-2026-09-05/report/performance-matrix.csv row 33,campaign-row
S-row-034,"a6000-us-tx-community / c1-r1000-d128-b1-f1 / current-gpu: status failed_or_unavailable, qualified False, P95 unmeasured ns, recall unmeasured",research/artifacts/runpod-small-2026-09-05/report/performance-matrix.csv row 34,campaign-row
S-row-035,"a6000-us-tx-community / c2-r1000-d384-b16-f001 / current-gpu: status failed_or_unavailable, qualified False, P95 unmeasured ns, recall unmeasured",research/artifacts/runpod-small-2026-09-05/report/performance-matrix.csv row 35,campaign-row
S-row-036,"a6000-us-tx-community / c3-r10000-d128-b16-f1 / current-gpu: status failed_or_unavailable, qualified False, P95 unmeasured ns, recall unmeasured",research/artifacts/runpod-small-2026-09-05/report/performance-matrix.csv row 36,campaign-row
S-row-037,"a6000-us-tx-community / c4-r10000-d384-b1-f001 / current-gpu: status failed_or_unavailable, qualified False, P95 unmeasured ns, recall unmeasured",research/artifacts/runpod-small-2026-09-05/report/performance-matrix.csv row 37,campaign-row
S-row-038,"a6000-us-tx-community / c5-r100000-d128-b1-f001 / current-gpu: status failed_or_unavailable, qualified False, P95 unmeasured ns, recall unmeasured",research/artifacts/runpod-small-2026-09-05/report/performance-matrix.csv row 38,campaign-row
S-row-039,"a6000-us-tx-community / c6-r100000-d384-b16-f1 / current-gpu: status failed_or_unavailable, qualified False, P95 unmeasured ns, recall unmeasured",research/artifacts/runpod-small-2026-09-05/report/performance-matrix.csv row 39,campaign-row
S-row-040,"l4-eu-ro-secure / c1-r1000-d128-b1-f1 / current-gpu: status failed_or_unavailable, qualified False, P95 unmeasured ns, recall unmeasured",research/artifacts/runpod-small-2026-09-05/report/performance-matrix.csv row 40,campaign-row
S-row-041,"l4-eu-ro-secure / c2-r1000-d384-b16-f001 / current-gpu: status failed_or_unavailable, qualified False, P95 unmeasured ns, recall unmeasured",research/artifacts/runpod-small-2026-09-05/report/performance-matrix.csv row 41,campaign-row
S-row-042,"l4-eu-ro-secure / c3-r10000-d128-b16-f1 / current-gpu: status failed_or_unavailable, qualified False, P95 unmeasured ns, recall unmeasured",research/artifacts/runpod-small-2026-09-05/report/performance-matrix.csv row 42,campaign-row
S-row-043,"l4-eu-ro-secure / c4-r10000-d384-b1-f001 / current-gpu: status failed_or_unavailable, qualified False, P95 unmeasured ns, recall unmeasured",research/artifacts/runpod-small-2026-09-05/report/performance-matrix.csv row 43,campaign-row
S-row-044,"l4-eu-ro-secure / c5-r100000-d128-b1-f001 / current-gpu: status failed_or_unavailable, qualified False, P95 unmeasured ns, recall unmeasured",research/artifacts/runpod-small-2026-09-05/report/performance-matrix.csv row 44,campaign-row
S-row-045,"l4-eu-ro-secure / c6-r100000-d384-b16-f1 / current-gpu: status failed_or_unavailable, qualified False, P95 unmeasured ns, recall unmeasured",research/artifacts/runpod-small-2026-09-05/report/performance-matrix.csv row 45,campaign-row
S-row-046,"l4-eur-is-secure / c1-r1000-d128-b1-f1 / current-gpu: status failed_or_unavailable, qualified False, P95 unmeasured ns, recall unmeasured",research/artifacts/runpod-small-2026-09-05/report/performance-matrix.csv row 46,campaign-row
S-row-047,"l4-eur-is-secure / c2-r1000-d384-b16-f001 / current-gpu: status failed_or_unavailable, qualified False, P95 unmeasured ns, recall unmeasured",research/artifacts/runpod-small-2026-09-05/report/performance-matrix.csv row 47,campaign-row
S-row-048,"l4-eur-is-secure / c3-r10000-d128-b16-f1 / current-gpu: status failed_or_unavailable, qualified False, P95 unmeasured ns, recall unmeasured",research/artifacts/runpod-small-2026-09-05/report/performance-matrix.csv row 48,campaign-row
S-row-049,"l4-eur-is-secure / c4-r10000-d384-b1-f001 / current-gpu: status failed_or_unavailable, qualified False, P95 unmeasured ns, recall unmeasured",research/artifacts/runpod-small-2026-09-05/report/performance-matrix.csv row 49,campaign-row
S-row-050,"l4-eur-is-secure / c5-r100000-d128-b1-f001 / current-gpu: status failed_or_unavailable, qualified False, P95 unmeasured ns, recall unmeasured",research/artifacts/runpod-small-2026-09-05/report/performance-matrix.csv row 50,campaign-row
S-row-051,"l4-eur-is-secure / c6-r100000-d384-b16-f1 / current-gpu: status failed_or_unavailable, qualified False, P95 unmeasured ns, recall unmeasured",research/artifacts/runpod-small-2026-09-05/report/performance-matrix.csv row 51,campaign-row
S-row-052,"rtx3090-eu-cz-community / c1-r1000-d128-b1-f1 / current-gpu: status failed_or_unavailable, qualified False, P95 unmeasured ns, recall unmeasured",research/artifacts/runpod-small-2026-09-05/report/performance-matrix.csv row 52,campaign-row
S-row-053,"rtx3090-eu-cz-community / c2-r1000-d384-b16-f001 / current-gpu: status failed_or_unavailable, qualified False, P95 unmeasured ns, recall unmeasured",research/artifacts/runpod-small-2026-09-05/report/performance-matrix.csv row 53,campaign-row
S-row-054,"rtx3090-eu-cz-community / c3-r10000-d128-b16-f1 / current-gpu: status failed_or_unavailable, qualified False, P95 unmeasured ns, recall unmeasured",research/artifacts/runpod-small-2026-09-05/report/performance-matrix.csv row 54,campaign-row
S-row-055,"rtx3090-eu-cz-community / c4-r10000-d384-b1-f001 / current-gpu: status failed_or_unavailable, qualified False, P95 unmeasured ns, recall unmeasured",research/artifacts/runpod-small-2026-09-05/report/performance-matrix.csv row 55,campaign-row
S-row-056,"rtx3090-eu-cz-community / c5-r100000-d128-b1-f001 / current-gpu: status failed_or_unavailable, qualified False, P95 unmeasured ns, recall unmeasured",research/artifacts/runpod-small-2026-09-05/report/performance-matrix.csv row 56,campaign-row
S-row-057,"rtx3090-eu-cz-community / c6-r100000-d384-b16-f1 / current-gpu: status failed_or_unavailable, qualified False, P95 unmeasured ns, recall unmeasured",research/artifacts/runpod-small-2026-09-05/report/performance-matrix.csv row 57,campaign-row
S-row-058,"rtx4090-eur-is-community / c1-r1000-d128-b1-f1 / current-gpu: status failed_or_unavailable, qualified False, P95 unmeasured ns, recall unmeasured",research/artifacts/runpod-small-2026-09-05/report/performance-matrix.csv row 58,campaign-row
S-row-059,"rtx4090-eur-is-community / c2-r1000-d384-b16-f001 / current-gpu: status failed_or_unavailable, qualified False, P95 unmeasured ns, recall unmeasured",research/artifacts/runpod-small-2026-09-05/report/performance-matrix.csv row 59,campaign-row
S-row-060,"rtx4090-eur-is-community / c3-r10000-d128-b16-f1 / current-gpu: status failed_or_unavailable, qualified False, P95 unmeasured ns, recall unmeasured",research/artifacts/runpod-small-2026-09-05/report/performance-matrix.csv row 60,campaign-row
S-row-061,"rtx4090-eur-is-community / c4-r10000-d384-b1-f001 / current-gpu: status failed_or_unavailable, qualified False, P95 unmeasured ns, recall unmeasured",research/artifacts/runpod-small-2026-09-05/report/performance-matrix.csv row 61,campaign-row
S-row-062,"rtx4090-eur-is-community / c5-r100000-d128-b1-f001 / current-gpu: status failed_or_unavailable, qualified False, P95 unmeasured ns, recall unmeasured",research/artifacts/runpod-small-2026-09-05/report/performance-matrix.csv row 62,campaign-row
S-row-063,"rtx4090-eur-is-community / c6-r100000-d384-b16-f1 / current-gpu: status failed_or_unavailable, qualified False, P95 unmeasured ns, recall unmeasured",research/artifacts/runpod-small-2026-09-05/report/performance-matrix.csv row 63,campaign-row
S-row-064,"rtx4090-eu-ro-community / c1-r1000-d128-b1-f1 / current-gpu: status failed_or_unavailable, qualified False, P95 unmeasured ns, recall unmeasured",research/artifacts/runpod-small-2026-09-05/report/performance-matrix.csv row 64,campaign-row
S-row-065,"rtx4090-eu-ro-community / c2-r1000-d384-b16-f001 / current-gpu: status failed_or_unavailable, qualified False, P95 unmeasured ns, recall unmeasured",research/artifacts/runpod-small-2026-09-05/report/performance-matrix.csv row 65,campaign-row
S-row-066,"rtx4090-eu-ro-community / c3-r10000-d128-b16-f1 / current-gpu: status failed_or_unavailable, qualified False, P95 unmeasured ns, recall unmeasured",research/artifacts/runpod-small-2026-09-05/report/performance-matrix.csv row 66,campaign-row
S-row-067,"rtx4090-eu-ro-community / c4-r10000-d384-b1-f001 / current-gpu: status failed_or_unavailable, qualified False, P95 unmeasured ns, recall unmeasured",research/artifacts/runpod-small-2026-09-05/report/performance-matrix.csv row 67,campaign-row
S-row-068,"rtx4090-eu-ro-community / c5-r100000-d128-b1-f001 / current-gpu: status failed_or_unavailable, qualified False, P95 unmeasured ns, recall unmeasured",research/artifacts/runpod-small-2026-09-05/report/performance-matrix.csv row 68,campaign-row
S-row-069,"rtx4090-eu-ro-community / c6-r100000-d384-b16-f1 / current-gpu: status failed_or_unavailable, qualified False, P95 unmeasured ns, recall unmeasured",research/artifacts/runpod-small-2026-09-05/report/performance-matrix.csv row 69,campaign-row
S-row-070,"rtx4090-eu-ro-secure-reference-retry / c1-r1000-d128-b1-f1 / baseline-cpu: status completed, qualified True, P95 14607.0 ns, recall 1.0",research/artifacts/runpod-small-2026-09-05/report/performance-matrix.csv row 70,campaign-row
S-row-071,"rtx4090-eu-ro-secure-reference-retry / c1-r1000-d128-b1-f1 / baseline-gpu: status completed, qualified True, P95 79148.0 ns, recall 1.0",research/artifacts/runpod-small-2026-09-05/report/performance-matrix.csv row 71,campaign-row
S-row-072,"rtx4090-eu-ro-secure-reference-retry / c1-r1000-d128-b1-f1 / chroma: status completed, qualified True, P95 348742.0 ns, recall 1.0",research/artifacts/runpod-small-2026-09-05/report/performance-matrix.csv row 72,campaign-row
S-row-073,"rtx4090-eu-ro-secure-reference-retry / c1-r1000-d128-b1-f1 / current-cpu: status completed, qualified True, P95 14306.0 ns, recall 1.0",research/artifacts/runpod-small-2026-09-05/report/performance-matrix.csv row 73,campaign-row
S-row-074,"rtx4090-eu-ro-secure-reference-retry / c1-r1000-d128-b1-f1 / current-gpu: status completed, qualified True, P95 94266.0 ns, recall 1.0",research/artifacts/runpod-small-2026-09-05/report/performance-matrix.csv row 74,campaign-row
S-row-075,"rtx4090-eu-ro-secure-reference-retry / c1-r1000-d128-b1-f1 / faiss-flat: status completed, qualified True, P95 31368.0 ns, recall 1.0",research/artifacts/runpod-small-2026-09-05/report/performance-matrix.csv row 75,campaign-row
S-row-076,"rtx4090-eu-ro-secure-reference-retry / c1-r1000-d128-b1-f1 / numpy: status completed, qualified True, P95 61525.0 ns, recall 1.0",research/artifacts/runpod-small-2026-09-05/report/performance-matrix.csv row 76,campaign-row
S-row-077,"rtx4090-eu-ro-secure-reference-retry / c1-r1000-d128-b1-f1 / torch-cpu: status completed, qualified True, P95 104305.0 ns, recall 1.0",research/artifacts/runpod-small-2026-09-05/report/performance-matrix.csv row 77,campaign-row
S-row-078,"rtx4090-eu-ro-secure-reference-retry / c1-r1000-d128-b1-f1 / torch-cuda: status completed, qualified True, P95 282198.0 ns, recall 1.0",research/artifacts/runpod-small-2026-09-05/report/performance-matrix.csv row 78,campaign-row
S-row-079,"rtx4090-eu-ro-secure-reference-retry / c2-r1000-d384-b16-f001 / chroma: status completed, qualified True, P95 3370965.0 ns, recall 1.0",research/artifacts/runpod-small-2026-09-05/report/performance-matrix.csv row 79,campaign-row
S-row-080,"rtx4090-eu-ro-secure-reference-retry / c2-r1000-d384-b16-f001 / current-cpu: status completed, qualified True, P95 48370.0 ns, recall 1.0",research/artifacts/runpod-small-2026-09-05/report/performance-matrix.csv row 80,campaign-row
S-row-081,"rtx4090-eu-ro-secure-reference-retry / c2-r1000-d384-b16-f001 / current-gpu: status completed, qualified True, P95 134742.0 ns, recall 1.0",research/artifacts/runpod-small-2026-09-05/report/performance-matrix.csv row 81,campaign-row
S-row-082,"rtx4090-eu-ro-secure-reference-retry / c2-r1000-d384-b16-f001 / faiss-flat: status completed, qualified True, P95 93665.0 ns, recall 1.0",research/artifacts/runpod-small-2026-09-05/report/performance-matrix.csv row 82,campaign-row
S-row-083,"rtx4090-eu-ro-secure-reference-retry / c2-r1000-d384-b16-f001 / numpy: status completed, qualified True, P95 48050.0 ns, recall 1.0",research/artifacts/runpod-small-2026-09-05/report/performance-matrix.csv row 83,campaign-row
S-row-084,"rtx4090-eu-ro-secure-reference-retry / c2-r1000-d384-b16-f001 / torch-cpu: status completed, qualified True, P95 119734.0 ns, recall 1.0",research/artifacts/runpod-small-2026-09-05/report/performance-matrix.csv row 84,campaign-row
S-row-085,"rtx4090-eu-ro-secure-reference-retry / c2-r1000-d384-b16-f001 / torch-cuda: status completed, qualified True, P95 288039.0 ns, recall 1.0",research/artifacts/runpod-small-2026-09-05/report/performance-matrix.csv row 85,campaign-row
S-row-086,"rtx4090-eu-ro-secure-reference-retry / c3-r10000-d128-b16-f1 / current-cpu: status completed, qualified True, P95 1998788.0 ns, recall 1.0",research/artifacts/runpod-small-2026-09-05/report/performance-matrix.csv row 86,campaign-row
S-row-087,"rtx4090-eu-ro-secure-reference-retry / c3-r10000-d128-b16-f1 / current-gpu: status completed, qualified True, P95 269484.0 ns, recall 1.0",research/artifacts/runpod-small-2026-09-05/report/performance-matrix.csv row 87,campaign-row
S-row-088,"rtx4090-eu-ro-secure-reference-retry / c3-r10000-d128-b16-f1 / faiss-flat: status completed, qualified True, P95 482793.0 ns, recall 1.0",research/artifacts/runpod-small-2026-09-05/report/performance-matrix.csv row 88,campaign-row
S-row-089,"rtx4090-eu-ro-secure-reference-retry / c3-r10000-d128-b16-f1 / numpy: status completed, qualified True, P95 7898524.0 ns, recall 1.0",research/artifacts/runpod-small-2026-09-05/report/performance-matrix.csv row 89,campaign-row
S-row-090,"rtx4090-eu-ro-secure-reference-retry / c3-r10000-d128-b16-f1 / torch-cpu: status completed, qualified True, P95 460040.0 ns, recall 1.0",research/artifacts/runpod-small-2026-09-05/report/performance-matrix.csv row 90,campaign-row
S-row-091,"rtx4090-eu-ro-secure-reference-retry / c3-r10000-d128-b16-f1 / torch-cuda: status completed, qualified True, P95 327112.0 ns, recall 1.0",research/artifacts/runpod-small-2026-09-05/report/performance-matrix.csv row 91,campaign-row
S-row-092,"rtx4090-eu-ro-secure-reference-retry / c4-r10000-d384-b1-f001 / baseline-cpu: status completed, qualified True, P95 8185.0 ns, recall 1.0",research/artifacts/runpod-small-2026-09-05/report/performance-matrix.csv row 92,campaign-row
S-row-093,"rtx4090-eu-ro-secure-reference-retry / c4-r10000-d384-b1-f001 / baseline-gpu: status completed, qualified True, P95 77706.0 ns, recall 1.0",research/artifacts/runpod-small-2026-09-05/report/performance-matrix.csv row 93,campaign-row
S-row-094,"rtx4090-eu-ro-secure-reference-retry / c4-r10000-d384-b1-f001 / chroma: status completed, qualified True, P95 3262473.0 ns, recall 1.0",research/artifacts/runpod-small-2026-09-05/report/performance-matrix.csv row 94,campaign-row
S-row-095,"rtx4090-eu-ro-secure-reference-retry / c4-r10000-d384-b1-f001 / current-cpu: status completed, qualified True, P95 8165.0 ns, recall 1.0",research/artifacts/runpod-small-2026-09-05/report/performance-matrix.csv row 95,campaign-row
S-row-096,"rtx4090-eu-ro-secure-reference-retry / c4-r10000-d384-b1-f001 / current-gpu: status completed, qualified True, P95 91050.0 ns, recall 1.0",research/artifacts/runpod-small-2026-09-05/report/performance-matrix.csv row 96,campaign-row
S-row-097,"rtx4090-eu-ro-secure-reference-retry / c4-r10000-d384-b1-f001 / faiss-flat: status completed, qualified True, P95 27632.0 ns, recall 1.0",research/artifacts/runpod-small-2026-09-05/report/performance-matrix.csv row 97,campaign-row
S-row-098,"rtx4090-eu-ro-secure-reference-retry / c4-r10000-d384-b1-f001 / numpy: status completed, qualified True, P95 21831.0 ns, recall 1.0",research/artifacts/runpod-small-2026-09-05/report/performance-matrix.csv row 98,campaign-row
S-row-099,"rtx4090-eu-ro-secure-reference-retry / c4-r10000-d384-b1-f001 / torch-cpu: status completed, qualified True, P95 99526.0 ns, recall 1.0",research/artifacts/runpod-small-2026-09-05/report/performance-matrix.csv row 99,campaign-row
S-row-100,"rtx4090-eu-ro-secure-reference-retry / c4-r10000-d384-b1-f001 / torch-cuda: status completed, qualified True, P95 291685.0 ns, recall 1.0",research/artifacts/runpod-small-2026-09-05/report/performance-matrix.csv row 100,campaign-row
S-row-101,"rtx4090-eu-ro-secure-reference-retry / c5-r100000-d128-b1-f001 / baseline-cpu: status completed, qualified True, P95 35867.0 ns, recall 1.0",research/artifacts/runpod-small-2026-09-05/report/performance-matrix.csv row 101,campaign-row
S-row-102,"rtx4090-eu-ro-secure-reference-retry / c5-r100000-d128-b1-f001 / baseline-gpu: status completed, qualified True, P95 102251.0 ns, recall 1.0",research/artifacts/runpod-small-2026-09-05/report/performance-matrix.csv row 102,campaign-row
S-row-103,"rtx4090-eu-ro-secure-reference-retry / c5-r100000-d128-b1-f001 / chroma: status completed, qualified True, P95 29165070.0 ns, recall 1.0",research/artifacts/runpod-small-2026-09-05/report/performance-matrix.csv row 103,campaign-row
S-row-104,"rtx4090-eu-ro-secure-reference-retry / c5-r100000-d128-b1-f001 / current-cpu: status completed, qualified True, P95 34053.0 ns, recall 1.0",research/artifacts/runpod-small-2026-09-05/report/performance-matrix.csv row 104,campaign-row
S-row-105,"rtx4090-eu-ro-secure-reference-retry / c5-r100000-d128-b1-f001 / current-gpu: status completed, qualified True, P95 95328.0 ns, recall 1.0",research/artifacts/runpod-small-2026-09-05/report/performance-matrix.csv row 105,campaign-row
S-row-106,"rtx4090-eu-ro-secure-reference-retry / c5-r100000-d128-b1-f001 / faiss-flat: status completed, qualified True, P95 30126.0 ns, recall 1.0",research/artifacts/runpod-small-2026-09-05/report/performance-matrix.csv row 106,campaign-row
S-row-107,"rtx4090-eu-ro-secure-reference-retry / c5-r100000-d128-b1-f001 / numpy: status completed, qualified True, P95 62697.0 ns, recall 1.0",research/artifacts/runpod-small-2026-09-05/report/performance-matrix.csv row 107,campaign-row
S-row-108,"rtx4090-eu-ro-secure-reference-retry / c5-r100000-d128-b1-f001 / torch-cpu: status completed, qualified True, P95 111067.0 ns, recall 1.0",research/artifacts/runpod-small-2026-09-05/report/performance-matrix.csv row 108,campaign-row
S-row-109,"rtx4090-eu-ro-secure-reference-retry / c5-r100000-d128-b1-f001 / torch-cuda: status completed, qualified True, P95 291585.0 ns, recall 1.0",research/artifacts/runpod-small-2026-09-05/report/performance-matrix.csv row 109,campaign-row
S-row-110,"rtx4090-eu-ro-secure-reference-retry / c6-r100000-d384-b16-f1 / current-cpu: status completed, qualified True, P95 68057514.0 ns, recall 1.0",research/artifacts/runpod-small-2026-09-05/report/performance-matrix.csv row 110,campaign-row
S-row-111,"rtx4090-eu-ro-secure-reference-retry / c6-r100000-d384-b16-f1 / current-gpu: status completed, qualified True, P95 4047861.0 ns, recall 1.0",research/artifacts/runpod-small-2026-09-05/report/performance-matrix.csv row 111,campaign-row
S-row-112,"rtx4090-eu-ro-secure-reference-retry / c6-r100000-d384-b16-f1 / faiss-flat: status completed, qualified True, P95 33118935.0 ns, recall 1.0",research/artifacts/runpod-small-2026-09-05/report/performance-matrix.csv row 112,campaign-row
S-row-113,"rtx4090-eu-ro-secure-reference-retry / c6-r100000-d384-b16-f1 / numpy: status completed, qualified True, P95 114172457.0 ns, recall 1.0",research/artifacts/runpod-small-2026-09-05/report/performance-matrix.csv row 113,campaign-row
S-row-114,"rtx4090-eu-ro-secure-reference-retry / c6-r100000-d384-b16-f1 / torch-cpu: status completed, qualified True, P95 26731097.0 ns, recall 1.0",research/artifacts/runpod-small-2026-09-05/report/performance-matrix.csv row 114,campaign-row
S-row-115,"rtx4090-eu-ro-secure-reference-retry / c6-r100000-d384-b16-f1 / torch-cuda: status completed, qualified True, P95 567332.0 ns, recall 1.0",research/artifacts/runpod-small-2026-09-05/report/performance-matrix.csv row 115,campaign-row
S-row-116,"rtx4090-eu-ro-secure-reference-retry / c3-r10000-d128-b16-f1 / chroma: status failed, qualified False, P95 unmeasured ns, recall unmeasured",research/artifacts/runpod-small-2026-09-05/report/performance-matrix.csv row 116,campaign-row
S-row-117,"rtx4090-eu-ro-secure-reference-retry / c6-r100000-d384-b16-f1 / chroma: status failed, qualified False, P95 unmeasured ns, recall unmeasured",research/artifacts/runpod-small-2026-09-05/report/performance-matrix.csv row 117,campaign-row
S-row-118,"rtx4090-eu-ro-secure-reference-retry / lifecycle:add-batch / current-gpu: status completed, qualified True, P95 740094.0 ns, recall unmeasured",research/artifacts/runpod-small-2026-09-05/report/performance-matrix.csv row 118,campaign-row
S-row-119,"rtx4090-eu-ro-secure-reference-retry / lifecycle:add-one / current-gpu: status completed, qualified True, P95 598309.0 ns, recall unmeasured",research/artifacts/runpod-small-2026-09-05/report/performance-matrix.csv row 119,campaign-row
S-row-120,"rtx4090-eu-ro-secure-reference-retry / lifecycle:delete-batch / current-gpu: status completed, qualified True, P95 818721.0 ns, recall unmeasured",research/artifacts/runpod-small-2026-09-05/report/performance-matrix.csv row 120,campaign-row
S-row-121,"rtx4090-eu-ro-secure-reference-retry / lifecycle:delete-one / current-gpu: status completed, qualified True, P95 631140.0 ns, recall unmeasured",research/artifacts/runpod-small-2026-09-05/report/performance-matrix.csv row 121,campaign-row
S-row-122,"rtx4090-eu-ro-secure-reference-retry / lifecycle:reopen / current-gpu: status completed, qualified True, P95 101295702.0 ns, recall unmeasured",research/artifacts/runpod-small-2026-09-05/report/performance-matrix.csv row 122,campaign-row
S-row-123,"rtx4090-eu-ro-secure-deep / d1-r5000-d384-b8-k10-f01 / baseline-cpu: status completed, qualified True, P95 414903.0 ns, recall 1.0",research/artifacts/runpod-small-2026-09-05/report/performance-matrix.csv row 123,campaign-row
S-row-124,"rtx4090-eu-ro-secure-deep / d1-r5000-d384-b8-k10-f01 / baseline-gpu: status completed, qualified True, P95 117426.0 ns, recall 1.0",research/artifacts/runpod-small-2026-09-05/report/performance-matrix.csv row 124,campaign-row
S-row-125,"rtx4090-eu-ro-secure-deep / d1-r5000-d384-b8-k10-f01 / chroma-ef512: status completed, qualified True, P95 12254828.0 ns, recall 1.0",research/artifacts/runpod-small-2026-09-05/report/performance-matrix.csv row 125,campaign-row
S-row-126,"rtx4090-eu-ro-secure-deep / d1-r5000-d384-b8-k10-f01 / current-cpu: status completed, qualified True, P95 238958.0 ns, recall 1.0",research/artifacts/runpod-small-2026-09-05/report/performance-matrix.csv row 126,campaign-row
S-row-127,"rtx4090-eu-ro-secure-deep / d1-r5000-d384-b8-k10-f01 / current-gpu: status completed, qualified True, P95 132148.0 ns, recall 1.0",research/artifacts/runpod-small-2026-09-05/report/performance-matrix.csv row 127,campaign-row
S-row-128,"rtx4090-eu-ro-secure-deep / d1-r5000-d384-b8-k10-f01 / faiss-flat: status completed, qualified True, P95 102233.0 ns, recall 1.0",research/artifacts/runpod-small-2026-09-05/report/performance-matrix.csv row 128,campaign-row
S-row-129,"rtx4090-eu-ro-secure-deep / d1-r5000-d384-b8-k10-f01 / numpy: status completed, qualified True, P95 215183.0 ns, recall 1.0",research/artifacts/runpod-small-2026-09-05/report/performance-matrix.csv row 129,campaign-row
S-row-130,"rtx4090-eu-ro-secure-deep / d1-r5000-d384-b8-k10-f01 / torch-cpu: status completed, qualified True, P95 198488.0 ns, recall 1.0",research/artifacts/runpod-small-2026-09-05/report/performance-matrix.csv row 130,campaign-row
S-row-131,"rtx4090-eu-ro-secure-deep / d1-r5000-d384-b8-k10-f01 / torch-cuda: status completed, qualified True, P95 344366.0 ns, recall 1.0",research/artifacts/runpod-small-2026-09-05/report/performance-matrix.csv row 131,campaign-row
S-row-132,"rtx4090-eu-ro-secure-deep / d1-r5000-d384-b8-k10-f01 / usearch: status completed, qualified True, P95 4555015.0 ns, recall 1.0",research/artifacts/runpod-small-2026-09-05/report/performance-matrix.csv row 132,campaign-row
S-row-133,"rtx4090-eu-ro-secure-deep / d2-r25000-d384-b64-k10-f1 / current-cpu: status completed, qualified True, P95 69060968.0 ns, recall 1.0",research/artifacts/runpod-small-2026-09-05/report/performance-matrix.csv row 133,campaign-row
S-row-134,"rtx4090-eu-ro-secure-deep / d2-r25000-d384-b64-k10-f1 / current-gpu: status completed, qualified True, P95 1262164.0 ns, recall 1.0",research/artifacts/runpod-small-2026-09-05/report/performance-matrix.csv row 134,campaign-row
S-row-135,"rtx4090-eu-ro-secure-deep / d2-r25000-d384-b64-k10-f1 / faiss-flat: status completed, qualified True, P95 25346033.0 ns, recall 1.0",research/artifacts/runpod-small-2026-09-05/report/performance-matrix.csv row 135,campaign-row
S-row-136,"rtx4090-eu-ro-secure-deep / d2-r25000-d384-b64-k10-f1 / numpy: status completed, qualified True, P95 105074537.0 ns, recall 1.0",research/artifacts/runpod-small-2026-09-05/report/performance-matrix.csv row 136,campaign-row
S-row-137,"rtx4090-eu-ro-secure-deep / d2-r25000-d384-b64-k10-f1 / torch-cpu: status completed, qualified True, P95 12037133.0 ns, recall 1.0",research/artifacts/runpod-small-2026-09-05/report/performance-matrix.csv row 137,campaign-row
S-row-138,"rtx4090-eu-ro-secure-deep / d2-r25000-d384-b64-k10-f1 / torch-cuda: status completed, qualified True, P95 515684.0 ns, recall 1.0",research/artifacts/runpod-small-2026-09-05/report/performance-matrix.csv row 138,campaign-row
S-row-139,"rtx4090-eu-ro-secure-deep / d2-r25000-d384-b64-k10-f1 / usearch: status completed, qualified False, P95 83313304.0 ns, recall 0.3453125000000001",research/artifacts/runpod-small-2026-09-05/report/performance-matrix.csv row 139,campaign-row
S-row-140,"rtx4090-eu-ro-secure-deep / d3-r50000-d384-b1-k10-compound / baseline-cpu: status completed, qualified True, P95 9484.0 ns, recall 1.0",research/artifacts/runpod-small-2026-09-05/report/performance-matrix.csv row 140,campaign-row
S-row-141,"rtx4090-eu-ro-secure-deep / d3-r50000-d384-b1-k10-compound / baseline-gpu: status completed, qualified True, P95 89335.0 ns, recall 1.0",research/artifacts/runpod-small-2026-09-05/report/performance-matrix.csv row 141,campaign-row
S-row-142,"rtx4090-eu-ro-secure-deep / d3-r50000-d384-b1-k10-compound / chroma-ef512: status completed, qualified True, P95 64596839.0 ns, recall 1.0",research/artifacts/runpod-small-2026-09-05/report/performance-matrix.csv row 142,campaign-row
S-row-143,"rtx4090-eu-ro-secure-deep / d3-r50000-d384-b1-k10-compound / current-cpu: status completed, qualified True, P95 7471.0 ns, recall 1.0",research/artifacts/runpod-small-2026-09-05/report/performance-matrix.csv row 143,campaign-row
S-row-144,"rtx4090-eu-ro-secure-deep / d3-r50000-d384-b1-k10-compound / current-gpu: status completed, qualified True, P95 144707.0 ns, recall 1.0",research/artifacts/runpod-small-2026-09-05/report/performance-matrix.csv row 144,campaign-row
S-row-145,"rtx4090-eu-ro-secure-deep / d3-r50000-d384-b1-k10-compound / faiss-flat: status completed, qualified True, P95 29294.0 ns, recall 1.0",research/artifacts/runpod-small-2026-09-05/report/performance-matrix.csv row 145,campaign-row
S-row-146,"rtx4090-eu-ro-secure-deep / d3-r50000-d384-b1-k10-compound / numpy: status completed, qualified True, P95 24997.0 ns, recall 1.0",research/artifacts/runpod-small-2026-09-05/report/performance-matrix.csv row 146,campaign-row
S-row-147,"rtx4090-eu-ro-secure-deep / d3-r50000-d384-b1-k10-compound / torch-cpu: status completed, qualified True, P95 107101.0 ns, recall 1.0",research/artifacts/runpod-small-2026-09-05/report/performance-matrix.csv row 147,campaign-row
S-row-148,"rtx4090-eu-ro-secure-deep / d3-r50000-d384-b1-k10-compound / torch-cuda: status completed, qualified True, P95 320190.0 ns, recall 1.0",research/artifacts/runpod-small-2026-09-05/report/performance-matrix.csv row 148,campaign-row
S-row-149,"rtx4090-eu-ro-secure-deep / d3-r50000-d384-b1-k10-compound / usearch: status completed, qualified True, P95 24580013.0 ns, recall 1.0",research/artifacts/runpod-small-2026-09-05/report/performance-matrix.csv row 149,campaign-row
S-row-150,"rtx4090-eu-ro-secure-deep / d6-r25000-d768-b64-k64-f001 / current-cpu: status completed, qualified True, P95 3001905.0 ns, recall 1.0",research/artifacts/runpod-small-2026-09-05/report/performance-matrix.csv row 150,campaign-row
S-row-151,"rtx4090-eu-ro-secure-deep / d6-r25000-d768-b64-k64-f001 / current-gpu: status completed, qualified True, P95 492659.0 ns, recall 1.0",research/artifacts/runpod-small-2026-09-05/report/performance-matrix.csv row 151,campaign-row
S-row-152,"rtx4090-eu-ro-secure-deep / d6-r25000-d768-b64-k64-f001 / faiss-flat: status completed, qualified True, P95 909195.0 ns, recall 1.0",research/artifacts/runpod-small-2026-09-05/report/performance-matrix.csv row 152,campaign-row
S-row-153,"rtx4090-eu-ro-secure-deep / d6-r25000-d768-b64-k64-f001 / numpy: status completed, qualified True, P95 787081.0 ns, recall 1.0",research/artifacts/runpod-small-2026-09-05/report/performance-matrix.csv row 153,campaign-row
S-row-154,"rtx4090-eu-ro-secure-deep / d6-r25000-d768-b64-k64-f001 / torch-cpu: status completed, qualified True, P95 771838.0 ns, recall 1.0",research/artifacts/runpod-small-2026-09-05/report/performance-matrix.csv row 154,campaign-row
S-row-155,"rtx4090-eu-ro-secure-deep / d6-r25000-d768-b64-k64-f001 / torch-cuda: status completed, qualified True, P95 538297.0 ns, recall 1.0",research/artifacts/runpod-small-2026-09-05/report/performance-matrix.csv row 155,campaign-row
S-row-156,"rtx4090-eu-ro-secure-deep / real-r100000-d384-b16-k10-f001 / chroma-ef512: status completed, qualified True, P95 555963681.0 ns, recall 1.0",research/artifacts/runpod-small-2026-09-05/report/performance-matrix.csv row 156,campaign-row
S-row-157,"rtx4090-eu-ro-secure-deep / real-r100000-d384-b16-k10-f001 / current-cpu: status completed, qualified True, P95 941633.0 ns, recall 1.0",research/artifacts/runpod-small-2026-09-05/report/performance-matrix.csv row 157,campaign-row
S-row-158,"rtx4090-eu-ro-secure-deep / real-r100000-d384-b16-k10-f001 / current-gpu: status completed, qualified True, P95 171958.0 ns, recall 1.0",research/artifacts/runpod-small-2026-09-05/report/performance-matrix.csv row 158,campaign-row
S-row-159,"rtx4090-eu-ro-secure-deep / real-r100000-d384-b16-k10-f001 / faiss-flat: status completed, qualified True, P95 242735.0 ns, recall 1.0",research/artifacts/runpod-small-2026-09-05/report/performance-matrix.csv row 159,campaign-row
S-row-160,"rtx4090-eu-ro-secure-deep / real-r100000-d384-b16-k10-f001 / numpy: status completed, qualified True, P95 749214.0 ns, recall 1.0",research/artifacts/runpod-small-2026-09-05/report/performance-matrix.csv row 160,campaign-row
S-row-161,"rtx4090-eu-ro-secure-deep / real-r100000-d384-b16-k10-f001 / torch-cpu: status completed, qualified True, P95 268323.0 ns, recall 1.0",research/artifacts/runpod-small-2026-09-05/report/performance-matrix.csv row 161,campaign-row
S-row-162,"rtx4090-eu-ro-secure-deep / real-r100000-d384-b16-k10-f001 / torch-cuda: status completed, qualified True, P95 351387.0 ns, recall 1.0",research/artifacts/runpod-small-2026-09-05/report/performance-matrix.csv row 162,campaign-row
S-row-163,"rtx4090-eu-ro-secure-deep / real-r100000-d384-b16-k10-f001 / usearch: status completed, qualified True, P95 294632365.0 ns, recall 0.99994",research/artifacts/runpod-small-2026-09-05/report/performance-matrix.csv row 163,campaign-row
S-row-164,"rtx4090-eu-ro-secure-deep / d2-r25000-d384-b64-k10-f1 / chroma-ef512: status failed, qualified False, P95 unmeasured ns, recall unmeasured",research/artifacts/runpod-small-2026-09-05/report/performance-matrix.csv row 164,campaign-row
S-row-165,"rtx4090-eu-ro-secure-deep / d4-r100000-d768-b1-k1-f1 / current-cpu: status failed, qualified False, P95 unmeasured ns, recall unmeasured",research/artifacts/runpod-small-2026-09-05/report/performance-matrix.csv row 165,campaign-row
S-row-166,"rtx4090-eu-ro-secure-deep / d5-r100000-d768-b8-k64-f01 / current-cpu: status failed, qualified False, P95 unmeasured ns, recall unmeasured",research/artifacts/runpod-small-2026-09-05/report/performance-matrix.csv row 166,campaign-row
S-row-167,"rtx4090-eu-ro-secure-deep768 / d4-r100000-d768-b1-k1-f1 / current-cpu: status invalid_harness, qualified False, P95 unmeasured ns, recall unmeasured",research/artifacts/runpod-small-2026-09-05/report/performance-matrix.csv row 167,campaign-row
S-row-168,"rtx4090-eu-ro-secure-deep768 / d5-r100000-d768-b8-k64-f01 / current-cpu: status invalid_harness, qualified False, P95 unmeasured ns, recall unmeasured",research/artifacts/runpod-small-2026-09-05/report/performance-matrix.csv row 168,campaign-row
S-row-169,"rtx4090-eu-ro-secure-deep768-admission-fix / d4-r100000-d768-b1-k1-f1 / current-cpu: status completed, qualified True, P95 9408908.0 ns, recall 1.0",research/artifacts/runpod-small-2026-09-05/report/performance-matrix.csv row 169,campaign-row
S-row-170,"rtx4090-eu-ro-secure-deep768-admission-fix / d4-r100000-d768-b1-k1-f1 / current-gpu: status completed, qualified True, P95 897146.0 ns, recall 1.0",research/artifacts/runpod-small-2026-09-05/report/performance-matrix.csv row 170,campaign-row
S-row-171,"rtx4090-eu-ro-secure-deep768-admission-fix / d4-r100000-d768-b1-k1-f1 / faiss-flat: status completed, qualified True, P95 14800348.0 ns, recall 1.0",research/artifacts/runpod-small-2026-09-05/report/performance-matrix.csv row 171,campaign-row
S-row-172,"rtx4090-eu-ro-secure-deep768-admission-fix / d4-r100000-d768-b1-k1-f1 / numpy: status completed, qualified True, P95 15342732.0 ns, recall 1.0",research/artifacts/runpod-small-2026-09-05/report/performance-matrix.csv row 172,campaign-row
S-row-173,"rtx4090-eu-ro-secure-deep768-admission-fix / d4-r100000-d768-b1-k1-f1 / torch-cpu: status completed, qualified True, P95 18694852.0 ns, recall 1.0",research/artifacts/runpod-small-2026-09-05/report/performance-matrix.csv row 173,campaign-row
S-row-174,"rtx4090-eu-ro-secure-deep768-admission-fix / d4-r100000-d768-b1-k1-f1 / torch-cuda: status completed, qualified True, P95 670757.0 ns, recall 1.0",research/artifacts/runpod-small-2026-09-05/report/performance-matrix.csv row 174,campaign-row
S-row-175,"rtx4090-eu-ro-secure-deep768-admission-fix / d5-r100000-d768-b8-k64-f01 / current-cpu: status completed, qualified True, P95 28598793.0 ns, recall 1.0",research/artifacts/runpod-small-2026-09-05/report/performance-matrix.csv row 175,campaign-row
S-row-176,"rtx4090-eu-ro-secure-deep768-admission-fix / d5-r100000-d768-b8-k64-f01 / current-gpu: status completed, qualified True, P95 896204.0 ns, recall 1.0",research/artifacts/runpod-small-2026-09-05/report/performance-matrix.csv row 176,campaign-row
S-row-177,"rtx4090-eu-ro-secure-deep768-admission-fix / d5-r100000-d768-b8-k64-f01 / faiss-flat: status completed, qualified True, P95 3055385.0 ns, recall 1.0",research/artifacts/runpod-small-2026-09-05/report/performance-matrix.csv row 177,campaign-row
S-row-178,"rtx4090-eu-ro-secure-deep768-admission-fix / d5-r100000-d768-b8-k64-f01 / numpy: status completed, qualified True, P95 6202396.0 ns, recall 1.0",research/artifacts/runpod-small-2026-09-05/report/performance-matrix.csv row 178,campaign-row
S-row-179,"rtx4090-eu-ro-secure-deep768-admission-fix / d5-r100000-d768-b8-k64-f01 / torch-cpu: status completed, qualified True, P95 2936026.0 ns, recall 1.0",research/artifacts/runpod-small-2026-09-05/report/performance-matrix.csv row 179,campaign-row
S-row-180,"rtx4090-eu-ro-secure-deep768-admission-fix / d5-r100000-d768-b8-k64-f01 / torch-cuda: status completed, qualified True, P95 384076.0 ns, recall 1.0",research/artifacts/runpod-small-2026-09-05/report/performance-matrix.csv row 180,campaign-row
S-row-181,"rtx4090-eu-ro-secure-deep768-retry / d4-r100000-d768-b1-k1-f1 / current-cpu: status failed, qualified False, P95 unmeasured ns, recall unmeasured",research/artifacts/runpod-small-2026-09-05/report/performance-matrix.csv row 181,campaign-row
S-row-182,"rtx4090-eu-ro-secure-deep768-retry / d5-r100000-d768-b8-k64-f01 / current-cpu: status failed, qualified False, P95 unmeasured ns, recall unmeasured",research/artifacts/runpod-small-2026-09-05/report/performance-matrix.csv row 182,campaign-row
