run,batch_index,query_indices,query_count,batch_latency_ns,recall_at_10,result_count,eligible_count,upload_bytes,readback_bytes,max_qenlo_allocation_bytes,actual_backend,backend_counts,lock_wait_ns,cpu_distance_path,routing_reasons,fallback
0,0,0,1,12558110,1,10,100000,0,0,,Cpu,Cpu:1,480,Avx2,,false
0,1,52,1,12507040,1,10,100000,0,0,,Cpu,Cpu:1,271,Avx2,,false
0,2,62,1,12463551,1,10,100000,0,0,,Cpu,Cpu:1,350,Avx2,,false
0,3,334,1,12533320,1,10,100000,0,0,,Cpu,Cpu:1,280,Avx2,,false
0,4,14,1,12518031,1,10,100000,0,0,,Cpu,Cpu:1,280,Avx2,,false
0,5,338,1,12466402,1,10,100000,0,0,,Cpu,Cpu:1,270,Avx2,,false
0,6,44,1,12450152,1,10,100000,0,0,,Cpu,Cpu:1,270,Avx2,,false
0,7,216,1,12567550,1,10,100000,0,0,,Cpu,Cpu:1,290,Avx2,,false
0,8,46,1,12488651,1,10,100000,0,0,,Cpu,Cpu:1,280,Avx2,,false
0,9,74,1,12491441,1,10,100000,0,0,,Cpu,Cpu:1,270,Avx2,,false
0,10,4,1,12459411,1,10,100000,0,0,,Cpu,Cpu:1,290,Avx2,,false
0,11,408,1,12539050,1,10,100000,0,0,,Cpu,Cpu:1,280,Avx2,,false
0,12,98,1,12495091,1,10,100000,0,0,,Cpu,Cpu:1,270,Avx2,,false
0,13,190,1,12504441,1,10,100000,0,0,,Cpu,Cpu:1,410,Avx2,,false
0,14,276,1,12474591,1,10,100000,0,0,,Cpu,Cpu:1,300,Avx2,,false
0,15,106,1,12474852,1,10,100000,0,0,,Cpu,Cpu:1,290,Avx2,,false
0,16,336,1,12593750,1,10,100000,0,0,,Cpu,Cpu:1,710,Avx2,,false
0,17,126,1,12484421,1,10,100000,0,0,,Cpu,Cpu:1,309,Avx2,,false
0,18,156,1,12468121,1,10,100000,0,0,,Cpu,Cpu:1,280,Avx2,,false
0,19,24,1,12526260,1,10,100000,0,0,,Cpu,Cpu:1,280,Avx2,,false
0,20,198,1,12525781,1,10,100000,0,0,,Cpu,Cpu:1,280,Avx2,,false
0,21,413,1,12732928,1,10,100000,0,0,,Cpu,Cpu:1,380,Avx2,,false
0,22,38,1,12667739,1,10,100000,0,0,,Cpu,Cpu:1,500,Avx2,,false
0,23,55,1,12688709,1,10,100000,0,0,,Cpu,Cpu:1,290,Avx2,,false
0,24,20,1,12707128,1,10,100000,0,0,,Cpu,Cpu:1,410,Avx2,,false
0,25,296,1,12704878,1,10,100000,0,0,,Cpu,Cpu:1,300,Avx2,,false
0,26,176,1,12772878,1,10,100000,0,0,,Cpu,Cpu:1,400,Avx2,,false
0,27,68,1,12759858,1,10,100000,0,0,,Cpu,Cpu:1,300,Avx2,,false
0,28,273,1,12681929,1,10,100000,0,0,,Cpu,Cpu:1,590,Avx2,,false
0,29,132,1,12691518,1,10,100000,0,0,,Cpu,Cpu:1,400,Avx2,,false
0,30,356,1,12685249,1,10,100000,0,0,,Cpu,Cpu:1,620,Avx2,,false
0,31,143,1,12720158,1,10,100000,0,0,,Cpu,Cpu:1,280,Avx2,,false
0,32,322,1,12705459,1,10,100000,0,0,,Cpu,Cpu:1,280,Avx2,,false
0,33,80,1,12758118,1,10,100000,0,0,,Cpu,Cpu:1,280,Avx2,,false
0,34,138,1,12721898,1,10,100000,0,0,,Cpu,Cpu:1,260,Avx2,,false
0,35,440,1,12734368,1,10,100000,0,0,,Cpu,Cpu:1,280,Avx2,,false
0,36,212,1,12700589,1,10,100000,0,0,,Cpu,Cpu:1,300,Avx2,,false
0,37,82,1,12729158,1,10,100000,0,0,,Cpu,Cpu:1,290,Avx2,,false
0,38,450,1,12651920,1,10,100000,0,0,,Cpu,Cpu:1,289,Avx2,,false
0,39,437,1,12690708,1,10,100000,0,0,,Cpu,Cpu:1,271,Avx2,,false
0,40,10,1,12718968,1,10,100000,0,0,,Cpu,Cpu:1,260,Avx2,,false
0,41,204,1,12758018,1,10,100000,0,0,,Cpu,Cpu:1,270,Avx2,,false
0,42,186,1,12772938,1,10,100000,0,0,,Cpu,Cpu:1,520,Avx2,,false
0,43,70,1,12702958,1,10,100000,0,0,,Cpu,Cpu:1,610,Avx2,,false
0,44,60,1,12656109,1,10,100000,0,0,,Cpu,Cpu:1,520,Avx2,,false
0,45,316,1,12720279,1,10,100000,0,0,,Cpu,Cpu:1,289,Avx2,,false
0,46,254,1,12710618,1,10,100000,0,0,,Cpu,Cpu:1,409,Avx2,,false
0,47,64,1,12663759,1,10,100000,0,0,,Cpu,Cpu:1,430,Avx2,,false
0,48,380,1,12660659,1,10,100000,0,0,,Cpu,Cpu:1,280,Avx2,,false
0,49,158,1,12742178,1,10,100000,0,0,,Cpu,Cpu:1,500,Avx2,,false
0,50,130,1,12722919,1,10,100000,0,0,,Cpu,Cpu:1,300,Avx2,,false
0,51,377,1,12745518,1,10,100000,0,0,,Cpu,Cpu:1,409,Avx2,,false
0,52,66,1,12679579,1,10,100000,0,0,,Cpu,Cpu:1,280,Avx2,,false
0,53,448,1,12704298,1,10,100000,0,0,,Cpu,Cpu:1,371,Avx2,,false
0,54,447,1,12711838,1,10,100000,0,0,,Cpu,Cpu:1,280,Avx2,,false
0,55,328,1,12701399,1,10,100000,0,0,,Cpu,Cpu:1,290,Avx2,,false
0,56,33,1,12653299,1,10,100000,0,0,,Cpu,Cpu:1,280,Avx2,,false
0,57,364,1,12698158,1,10,100000,0,0,,Cpu,Cpu:1,260,Avx2,,false
0,58,136,1,12678239,1,10,100000,0,0,,Cpu,Cpu:1,260,Avx2,,false
0,59,112,1,12687769,1,10,100000,0,0,,Cpu,Cpu:1,280,Avx2,,false
0,60,246,1,12667109,1,10,100000,0,0,,Cpu,Cpu:1,250,Avx2,,false
0,61,122,1,12759268,1,10,100000,0,0,,Cpu,Cpu:1,510,Avx2,,false
0,62,48,1,12713448,1,10,100000,0,0,,Cpu,Cpu:1,280,Avx2,,false
0,63,215,1,12789968,1,10,100000,0,0,,Cpu,Cpu:1,280,Avx2,,false
0,64,144,1,12715189,1,10,100000,0,0,,Cpu,Cpu:1,280,Avx2,,false
0,65,242,1,12741428,1,10,100000,0,0,,Cpu,Cpu:1,290,Avx2,,false
0,66,6,1,12727378,1,10,100000,0,0,,Cpu,Cpu:1,290,Avx2,,false
0,67,231,1,12617709,1,10,100000,0,0,,Cpu,Cpu:1,290,Avx2,,false
0,68,76,1,12674089,1,10,100000,0,0,,Cpu,Cpu:1,270,Avx2,,false
0,69,39,1,12676348,1,10,100000,0,0,,Cpu,Cpu:1,291,Avx2,,false
0,70,494,1,12645219,1,10,100000,0,0,,Cpu,Cpu:1,280,Avx2,,false
0,71,142,1,12721058,1,10,100000,0,0,,Cpu,Cpu:1,540,Avx2,,false
0,72,442,1,12656649,1,10,100000,0,0,,Cpu,Cpu:1,410,Avx2,,false
0,73,146,1,12716729,1,10,100000,0,0,,Cpu,Cpu:1,280,Avx2,,false
0,74,18,1,12726069,1,10,100000,0,0,,Cpu,Cpu:1,400,Avx2,,false
0,75,99,1,12653599,1,10,100000,0,0,,Cpu,Cpu:1,290,Avx2,,false
0,76,394,1,12687309,1,10,100000,0,0,,Cpu,Cpu:1,280,Avx2,,false
0,77,118,1,12664589,1,10,100000,0,0,,Cpu,Cpu:1,280,Avx2,,false
0,78,284,1,12660529,1,10,100000,0,0,,Cpu,Cpu:1,270,Avx2,,false
0,79,210,1,12659580,1,10,100000,0,0,,Cpu,Cpu:1,291,Avx2,,false
0,80,397,1,12709799,1,10,100000,0,0,,Cpu,Cpu:1,270,Avx2,,false
0,81,340,1,12624100,1,10,100000,0,0,,Cpu,Cpu:1,410,Avx2,,false
0,82,256,1,12764128,1,10,100000,0,0,,Cpu,Cpu:1,300,Avx2,,false
0,83,307,1,12703228,1,10,100000,0,0,,Cpu,Cpu:1,390,Avx2,,false
0,84,32,1,12664529,1,10,100000,0,0,,Cpu,Cpu:1,290,Avx2,,false
0,85,220,1,12748089,1,10,100000,0,0,,Cpu,Cpu:1,411,Avx2,,false
0,86,86,1,12694369,1,10,100000,0,0,,Cpu,Cpu:1,370,Avx2,,false
0,87,372,1,12694109,1,10,100000,0,0,,Cpu,Cpu:1,409,Avx2,,false
0,88,423,1,12620409,1,10,100000,0,0,,Cpu,Cpu:1,260,Avx2,,false
0,89,352,1,12509491,1,10,100000,0,0,,Cpu,Cpu:1,490,Avx2,,false
0,90,222,1,12443601,1,10,100000,0,0,,Cpu,Cpu:1,280,Avx2,,false
0,91,200,1,12452492,1,10,100000,0,0,,Cpu,Cpu:1,270,Avx2,,false
0,92,412,1,12439692,1,10,100000,0,0,,Cpu,Cpu:1,280,Avx2,,false
0,93,454,1,12447502,1,10,100000,0,0,,Cpu,Cpu:1,280,Avx2,,false
0,94,104,1,12412912,1,10,100000,0,0,,Cpu,Cpu:1,290,Avx2,,false
0,95,347,1,12449501,1,10,100000,0,0,,Cpu,Cpu:1,290,Avx2,,false
0,96,279,1,12473111,1,10,100000,0,0,,Cpu,Cpu:1,290,Avx2,,false
0,97,111,1,12482801,1,10,100000,0,0,,Cpu,Cpu:1,280,Avx2,,false
0,98,34,1,12479761,1,10,100000,0,0,,Cpu,Cpu:1,280,Avx2,,false
0,99,102,1,12441851,1,10,100000,0,0,,Cpu,Cpu:1,290,Avx2,,false
0,100,409,1,12428282,1,10,100000,0,0,,Cpu,Cpu:1,260,Avx2,,false
0,101,466,1,12468641,1,10,100000,0,0,,Cpu,Cpu:1,280,Avx2,,false
0,102,451,1,12440882,1,10,100000,0,0,,Cpu,Cpu:1,430,Avx2,,false
0,103,441,1,12483281,1,10,100000,0,0,,Cpu,Cpu:1,280,Avx2,,false
0,104,385,1,12450621,1,10,100000,0,0,,Cpu,Cpu:1,260,Avx2,,false
0,105,23,1,12440031,1,10,100000,0,0,,Cpu,Cpu:1,290,Avx2,,false
0,106,124,1,12455421,1,10,100000,0,0,,Cpu,Cpu:1,280,Avx2,,false
0,107,188,1,12439062,1,10,100000,0,0,,Cpu,Cpu:1,290,Avx2,,false
0,108,272,1,12467071,1,10,100000,0,0,,Cpu,Cpu:1,270,Avx2,,false
0,109,71,1,12452721,1,10,100000,0,0,,Cpu,Cpu:1,280,Avx2,,false
0,110,35,1,12437941,1,10,100000,0,0,,Cpu,Cpu:1,290,Avx2,,false
0,111,484,1,12486891,1,10,100000,0,0,,Cpu,Cpu:1,280,Avx2,,false
0,112,332,1,12454072,1,10,100000,0,0,,Cpu,Cpu:1,280,Avx2,,false
0,113,369,1,12504391,1,10,100000,0,0,,Cpu,Cpu:1,280,Avx2,,false
0,114,182,1,12446551,1,10,100000,0,0,,Cpu,Cpu:1,310,Avx2,,false
0,115,381,1,12441161,1,10,100000,0,0,,Cpu,Cpu:1,270,Avx2,,false
0,116,370,1,12398462,1,10,100000,0,0,,Cpu,Cpu:1,290,Avx2,,false
0,117,230,1,12441991,1,10,100000,0,0,,Cpu,Cpu:1,280,Avx2,,false
0,118,234,1,12435231,1,10,100000,0,0,,Cpu,Cpu:1,280,Avx2,,false
0,119,473,1,12447091,1,10,100000,0,0,,Cpu,Cpu:1,280,Avx2,,false
0,120,403,1,12451481,1,10,100000,0,0,,Cpu,Cpu:1,480,Avx2,,false
0,121,121,1,12487721,1,10,100000,0,0,,Cpu,Cpu:1,290,Avx2,,false
0,122,485,1,12423331,1,10,100000,0,0,,Cpu,Cpu:1,280,Avx2,,false
0,123,139,1,12448401,1,10,100000,0,0,,Cpu,Cpu:1,270,Avx2,,false
0,124,195,1,12437762,1,10,100000,0,0,,Cpu,Cpu:1,260,Avx2,,false
0,125,119,1,12473031,1,10,100000,0,0,,Cpu,Cpu:1,280,Avx2,,false
0,126,258,1,12421352,1,10,100000,0,0,,Cpu,Cpu:1,280,Avx2,,false
0,127,233,1,12441022,1,10,100000,0,0,,Cpu,Cpu:1,450,Avx2,,false
0,128,226,1,12472182,1,10,100000,0,0,,Cpu,Cpu:1,280,Avx2,,false
0,129,257,1,12471651,1,10,100000,0,0,,Cpu,Cpu:1,280,Avx2,,false
0,130,337,1,12409742,1,10,100000,0,0,,Cpu,Cpu:1,260,Avx2,,false
0,131,420,1,12472161,1,10,100000,0,0,,Cpu,Cpu:1,280,Avx2,,false
0,132,224,1,12443722,1,10,100000,0,0,,Cpu,Cpu:1,250,Avx2,,false
0,133,145,1,12382313,1,10,100000,0,0,,Cpu,Cpu:1,280,Avx2,,false
0,134,12,1,12442331,1,10,100000,0,0,,Cpu,Cpu:1,280,Avx2,,false
0,135,378,1,12447632,1,10,100000,0,0,,Cpu,Cpu:1,280,Avx2,,false
0,136,16,1,12458872,1,10,100000,0,0,,Cpu,Cpu:1,290,Avx2,,false
0,137,57,1,12447291,1,10,100000,0,0,,Cpu,Cpu:1,280,Avx2,,false
0,138,152,1,12422322,1,10,100000,0,0,,Cpu,Cpu:1,270,Avx2,,false
0,139,304,1,12416012,1,10,100000,0,0,,Cpu,Cpu:1,290,Avx2,,false
0,140,155,1,12457462,1,10,100000,0,0,,Cpu,Cpu:1,260,Avx2,,false
0,141,379,1,12470712,1,10,100000,0,0,,Cpu,Cpu:1,280,Avx2,,false
0,142,470,1,12494381,1,10,100000,0,0,,Cpu,Cpu:1,280,Avx2,,false
0,143,239,1,12430502,1,10,100000,0,0,,Cpu,Cpu:1,280,Avx2,,false
0,144,168,1,12462561,1,10,100000,0,0,,Cpu,Cpu:1,290,Avx2,,false
0,145,314,1,12473841,1,10,100000,0,0,,Cpu,Cpu:1,280,Avx2,,false
0,146,183,1,12413442,1,10,100000,0,0,,Cpu,Cpu:1,270,Avx2,,false
0,147,294,1,12398942,1,10,100000,0,0,,Cpu,Cpu:1,280,Avx2,,false
0,148,417,1,12434402,1,10,100000,0,0,,Cpu,Cpu:1,290,Avx2,,false
0,149,359,1,12438192,1,10,100000,0,0,,Cpu,Cpu:1,290,Avx2,,false
0,150,148,1,12468362,1,10,100000,0,0,,Cpu,Cpu:1,269,Avx2,,false
0,151,180,1,12435972,1,10,100000,0,0,,Cpu,Cpu:1,280,Avx2,,false
0,152,2,1,12424442,1,10,100000,0,0,,Cpu,Cpu:1,289,Avx2,,false
0,153,199,1,12421302,1,10,100000,0,0,,Cpu,Cpu:1,290,Avx2,,false
0,154,270,1,12488161,1,10,100000,0,0,,Cpu,Cpu:1,270,Avx2,,false
0,155,317,1,12465731,1,10,100000,0,0,,Cpu,Cpu:1,280,Avx2,,false
0,156,36,1,12425992,1,10,100000,0,0,,Cpu,Cpu:1,291,Avx2,,false
0,157,472,1,12396512,1,10,100000,0,0,,Cpu,Cpu:1,340,Avx2,,false
0,158,401,1,12422642,1,10,100000,0,0,,Cpu,Cpu:1,269,Avx2,,false
0,159,287,1,12409422,1,10,100000,0,0,,Cpu,Cpu:1,260,Avx2,,false
0,160,116,1,12481611,1,10,100000,0,0,,Cpu,Cpu:1,350,Avx2,,false
0,161,436,1,12454911,1,10,100000,0,0,,Cpu,Cpu:1,410,Avx2,,false
0,162,30,1,12501011,1,10,100000,0,0,,Cpu,Cpu:1,290,Avx2,,false
0,163,429,1,12458452,1,10,100000,0,0,,Cpu,Cpu:1,270,Avx2,,false
0,164,306,1,12475982,1,10,100000,0,0,,Cpu,Cpu:1,290,Avx2,,false
0,165,175,1,12442931,1,10,100000,0,0,,Cpu,Cpu:1,280,Avx2,,false
0,166,8,1,12434522,1,10,100000,0,0,,Cpu,Cpu:1,290,Avx2,,false
0,167,285,1,12467541,1,10,100000,0,0,,Cpu,Cpu:1,270,Avx2,,false
0,168,290,1,12428162,1,10,100000,0,0,,Cpu,Cpu:1,280,Avx2,,false
0,169,259,1,12450332,1,10,100000,0,0,,Cpu,Cpu:1,290,Avx2,,false
0,170,184,1,12485972,1,10,100000,0,0,,Cpu,Cpu:1,270,Avx2,,false
0,171,49,1,12435931,1,10,100000,0,0,,Cpu,Cpu:1,480,Avx2,,false
0,172,128,1,12425752,1,10,100000,0,0,,Cpu,Cpu:1,280,Avx2,,false
0,173,302,1,12449222,1,10,100000,0,0,,Cpu,Cpu:1,280,Avx2,,false
0,174,360,1,12453842,1,10,100000,0,0,,Cpu,Cpu:1,460,Avx2,,false
0,175,268,1,12446821,1,10,100000,0,0,,Cpu,Cpu:1,291,Avx2,,false
0,176,110,1,12396831,1,10,100000,0,0,,Cpu,Cpu:1,291,Avx2,,false
0,177,393,1,12448691,1,10,100000,0,0,,Cpu,Cpu:1,270,Avx2,,false
0,178,478,1,12471011,1,10,100000,0,0,,Cpu,Cpu:1,290,Avx2,,false
0,179,311,1,12407042,1,10,100000,0,0,,Cpu,Cpu:1,270,Avx2,,false
0,180,432,1,12449242,1,10,100000,0,0,,Cpu,Cpu:1,470,Avx2,,false
0,181,131,1,12435392,1,10,100000,0,0,,Cpu,Cpu:1,280,Avx2,,false
0,182,47,1,12433552,1,10,100000,0,0,,Cpu,Cpu:1,291,Avx2,,false
0,183,405,1,12376342,1,10,100000,0,0,,Cpu,Cpu:1,280,Avx2,,false
0,184,50,1,12452982,1,10,100000,0,0,,Cpu,Cpu:1,280,Avx2,,false
0,185,103,1,12465242,1,10,100000,0,0,,Cpu,Cpu:1,280,Avx2,,false
0,186,498,1,12461682,1,10,100000,0,0,,Cpu,Cpu:1,270,Avx2,,false
0,187,421,1,12448072,1,10,100000,0,0,,Cpu,Cpu:1,290,Avx2,,false
0,188,460,1,12443762,1,10,100000,0,0,,Cpu,Cpu:1,280,Avx2,,false
0,189,280,1,12453511,1,10,100000,0,0,,Cpu,Cpu:1,289,Avx2,,false
0,190,78,1,12458562,1,10,100000,0,0,,Cpu,Cpu:1,280,Avx2,,false
0,191,396,1,12470162,1,10,100000,0,0,,Cpu,Cpu:1,280,Avx2,,false
0,192,22,1,12438421,1,10,100000,0,0,,Cpu,Cpu:1,280,Avx2,,false
0,193,351,1,12445832,1,10,100000,0,0,,Cpu,Cpu:1,280,Avx2,,false
0,194,166,1,12483991,1,10,100000,0,0,,Cpu,Cpu:1,280,Avx2,,false
0,195,499,1,12432362,1,10,100000,0,0,,Cpu,Cpu:1,260,Avx2,,false
0,196,194,1,12444362,1,10,100000,0,0,,Cpu,Cpu:1,280,Avx2,,false
0,197,363,1,12421622,1,10,100000,0,0,,Cpu,Cpu:1,290,Avx2,,false
0,198,170,1,12446461,1,10,100000,0,0,,Cpu,Cpu:1,280,Avx2,,false
0,199,395,1,12446331,1,10,100000,0,0,,Cpu,Cpu:1,280,Avx2,,false
0,200,426,1,12448561,1,10,100000,0,0,,Cpu,Cpu:1,380,Avx2,,false
0,201,252,1,12461341,1,10,100000,0,0,,Cpu,Cpu:1,280,Avx2,,false
0,202,228,1,12459151,1,10,100000,0,0,,Cpu,Cpu:1,280,Avx2,,false
0,203,348,1,12431111,1,10,100000,0,0,,Cpu,Cpu:1,291,Avx2,,false
0,204,286,1,12438461,1,10,100000,0,0,,Cpu,Cpu:1,270,Avx2,,false
0,205,260,1,12400322,1,10,100000,0,0,,Cpu,Cpu:1,280,Avx2,,false
0,206,54,1,12438182,1,10,100000,0,0,,Cpu,Cpu:1,440,Avx2,,false
0,207,218,1,12390082,1,10,100000,0,0,,Cpu,Cpu:1,291,Avx2,,false
0,208,354,1,12447092,1,10,100000,0,0,,Cpu,Cpu:1,290,Avx2,,false
0,209,247,1,12435602,1,10,100000,0,0,,Cpu,Cpu:1,290,Avx2,,false
0,210,274,1,12471831,1,10,100000,0,0,,Cpu,Cpu:1,280,Avx2,,false
0,211,455,1,12421022,1,10,100000,0,0,,Cpu,Cpu:1,280,Avx2,,false
0,212,67,1,12416461,1,10,100000,0,0,,Cpu,Cpu:1,280,Avx2,,false
0,213,422,1,12441131,1,10,100000,0,0,,Cpu,Cpu:1,290,Avx2,,false
0,214,250,1,12456271,1,10,100000,0,0,,Cpu,Cpu:1,280,Avx2,,false
0,215,243,1,12427022,1,10,100000,0,0,,Cpu,Cpu:1,290,Avx2,,false
0,216,398,1,12461262,1,10,100000,0,0,,Cpu,Cpu:1,270,Avx2,,false
0,217,418,1,12442942,1,10,100000,0,0,,Cpu,Cpu:1,330,Avx2,,false
0,218,223,1,12490141,1,10,100000,0,0,,Cpu,Cpu:1,280,Avx2,,false
0,219,371,1,12456711,1,10,100000,0,0,,Cpu,Cpu:1,270,Avx2,,false
0,220,91,1,12466851,1,10,100000,0,0,,Cpu,Cpu:1,280,Avx2,,false
0,221,59,1,12423861,1,10,100000,0,0,,Cpu,Cpu:1,429,Avx2,,false
0,222,114,1,12496031,1,10,100000,0,0,,Cpu,Cpu:1,270,Avx2,,false
0,223,415,1,12466492,1,10,100000,0,0,,Cpu,Cpu:1,440,Avx2,,false
0,224,43,1,12454662,1,10,100000,0,0,,Cpu,Cpu:1,270,Avx2,,false
0,225,283,1,12414682,1,10,100000,0,0,,Cpu,Cpu:1,280,Avx2,,false
0,226,90,1,12491870,1,10,100000,0,0,,Cpu,Cpu:1,280,Avx2,,false
0,227,362,1,12467291,1,10,100000,0,0,,Cpu,Cpu:1,280,Avx2,,false
0,228,427,1,12483081,1,10,100000,0,0,,Cpu,Cpu:1,280,Avx2,,false
0,229,324,1,12451382,1,10,100000,0,0,,Cpu,Cpu:1,280,Avx2,,false
0,230,63,1,12468352,1,10,100000,0,0,,Cpu,Cpu:1,269,Avx2,,false
0,231,213,1,12454292,1,10,100000,0,0,,Cpu,Cpu:1,280,Avx2,,false
0,232,386,1,12470632,1,10,100000,0,0,,Cpu,Cpu:1,280,Avx2,,false
0,233,318,1,12475251,1,10,100000,0,0,,Cpu,Cpu:1,300,Avx2,,false
0,234,9,1,12486081,1,10,100000,0,0,,Cpu,Cpu:1,290,Avx2,,false
0,235,323,1,12416942,1,10,100000,0,0,,Cpu,Cpu:1,280,Avx2,,false
0,236,221,1,12431002,1,10,100000,0,0,,Cpu,Cpu:1,540,Avx2,,false
0,237,7,1,12550511,1,10,100000,0,0,,Cpu,Cpu:1,260,Avx2,,false
0,238,11,1,12460561,1,10,100000,0,0,,Cpu,Cpu:1,270,Avx2,,false
0,239,5,1,12453191,1,10,100000,0,0,,Cpu,Cpu:1,270,Avx2,,false
0,240,157,1,12394232,1,10,100000,0,0,,Cpu,Cpu:1,290,Avx2,,false
0,241,477,1,12415042,1,10,100000,0,0,,Cpu,Cpu:1,269,Avx2,,false
0,242,236,1,12516801,1,10,100000,0,0,,Cpu,Cpu:1,270,Avx2,,false
0,243,181,1,12454662,1,10,100000,0,0,,Cpu,Cpu:1,270,Avx2,,false
0,244,249,1,12448551,1,10,100000,0,0,,Cpu,Cpu:1,280,Avx2,,false
0,245,339,1,12449152,1,10,100000,0,0,,Cpu,Cpu:1,260,Avx2,,false
0,246,297,1,12469971,1,10,100000,0,0,,Cpu,Cpu:1,280,Avx2,,false
0,247,299,1,12493081,1,10,100000,0,0,,Cpu,Cpu:1,270,Avx2,,false
0,248,174,1,12484761,1,10,100000,0,0,,Cpu,Cpu:1,240,Avx2,,false
0,249,449,1,12477711,1,10,100000,0,0,,Cpu,Cpu:1,280,Avx2,,false
0,250,406,1,12492161,1,10,100000,0,0,,Cpu,Cpu:1,330,Avx2,,false
0,251,326,1,12460222,1,10,100000,0,0,,Cpu,Cpu:1,280,Avx2,,false
0,252,392,1,12482252,1,10,100000,0,0,,Cpu,Cpu:1,280,Avx2,,false
0,253,330,1,12469061,1,10,100000,0,0,,Cpu,Cpu:1,300,Avx2,,false
0,254,266,1,12486091,1,10,100000,0,0,,Cpu,Cpu:1,290,Avx2,,false
0,255,265,1,12443621,1,10,100000,0,0,,Cpu,Cpu:1,280,Avx2,,false
0,256,100,1,12448251,1,10,100000,0,0,,Cpu,Cpu:1,270,Avx2,,false
0,257,319,1,12476221,1,10,100000,0,0,,Cpu,Cpu:1,270,Avx2,,false
0,258,92,1,12479922,1,10,100000,0,0,,Cpu,Cpu:1,280,Avx2,,false
0,259,434,1,12490401,1,10,100000,0,0,,Cpu,Cpu:1,280,Avx2,,false
0,260,298,1,12440642,1,10,100000,0,0,,Cpu,Cpu:1,280,Avx2,,false
0,261,269,1,12474991,1,10,100000,0,0,,Cpu,Cpu:1,270,Avx2,,false
0,262,486,1,12467922,1,10,100000,0,0,,Cpu,Cpu:1,260,Avx2,,false
0,263,344,1,12511781,1,10,100000,0,0,,Cpu,Cpu:1,280,Avx2,,false
0,264,162,1,12460861,1,10,100000,0,0,,Cpu,Cpu:1,400,Avx2,,false
0,265,410,1,12412642,1,10,100000,0,0,,Cpu,Cpu:1,269,Avx2,,false
0,266,40,1,12482641,1,10,100000,0,0,,Cpu,Cpu:1,280,Avx2,,false
0,267,81,1,12493601,1,10,100000,0,0,,Cpu,Cpu:1,280,Avx2,,false
0,268,291,1,12478981,1,10,100000,0,0,,Cpu,Cpu:1,270,Avx2,,false
0,269,201,1,12432771,1,10,100000,0,0,,Cpu,Cpu:1,280,Avx2,,false
0,270,262,1,12453052,1,10,100000,0,0,,Cpu,Cpu:1,280,Avx2,,false
0,271,366,1,12454641,1,10,100000,0,0,,Cpu,Cpu:1,270,Avx2,,false
0,272,275,1,12462571,1,10,100000,0,0,,Cpu,Cpu:1,340,Avx2,,false
0,273,107,1,12495091,1,10,100000,0,0,,Cpu,Cpu:1,300,Avx2,,false
0,274,438,1,12468131,1,10,100000,0,0,,Cpu,Cpu:1,271,Avx2,,false
0,275,368,1,12421352,1,10,100000,0,0,,Cpu,Cpu:1,280,Avx2,,false
0,276,196,1,12480292,1,10,100000,0,0,,Cpu,Cpu:1,289,Avx2,,false
0,277,389,1,12489141,1,10,100000,0,0,,Cpu,Cpu:1,270,Avx2,,false
0,278,56,1,12490211,1,10,100000,0,0,,Cpu,Cpu:1,270,Avx2,,false
0,279,390,1,12453232,1,10,100000,0,0,,Cpu,Cpu:1,280,Avx2,,false
0,280,425,1,12455572,1,10,100000,0,0,,Cpu,Cpu:1,370,Avx2,,false
0,281,469,1,12458242,1,10,100000,0,0,,Cpu,Cpu:1,290,Avx2,,false
0,282,79,1,12472952,1,10,100000,0,0,,Cpu,Cpu:1,270,Avx2,,false
0,283,37,1,12493231,1,10,100000,0,0,,Cpu,Cpu:1,280,Avx2,,false
0,284,58,1,12421681,1,10,100000,0,0,,Cpu,Cpu:1,400,Avx2,,false
0,285,117,1,12443881,1,10,100000,0,0,,Cpu,Cpu:1,440,Avx2,,false
0,286,350,1,12432682,1,10,100000,0,0,,Cpu,Cpu:1,270,Avx2,,false
0,287,295,1,12438452,1,10,100000,0,0,,Cpu,Cpu:1,270,Avx2,,false
0,288,464,1,12486411,1,10,100000,0,0,,Cpu,Cpu:1,270,Avx2,,false
0,289,127,1,12439172,1,10,100000,0,0,,Cpu,Cpu:1,270,Avx2,,false
0,290,240,1,12484131,1,10,100000,0,0,,Cpu,Cpu:1,270,Avx2,,false
0,291,69,1,12472831,1,10,100000,0,0,,Cpu,Cpu:1,480,Avx2,,false
0,292,480,1,12443792,1,10,100000,0,0,,Cpu,Cpu:1,320,Avx2,,false
0,293,400,1,12448611,1,10,100000,0,0,,Cpu,Cpu:1,271,Avx2,,false
0,294,151,1,12421732,1,10,100000,0,0,,Cpu,Cpu:1,280,Avx2,,false
0,295,376,1,12451901,1,10,100000,0,0,,Cpu,Cpu:1,280,Avx2,,false
0,296,28,1,12448271,1,10,100000,0,0,,Cpu,Cpu:1,280,Avx2,,false
0,297,93,1,12458771,1,10,100000,0,0,,Cpu,Cpu:1,270,Avx2,,false
0,298,244,1,12489121,1,10,100000,0,0,,Cpu,Cpu:1,270,Avx2,,false
0,299,419,1,12447552,1,10,100000,0,0,,Cpu,Cpu:1,280,Avx2,,false
0,300,108,1,12472032,1,10,100000,0,0,,Cpu,Cpu:1,290,Avx2,,false
0,301,115,1,12440172,1,10,100000,0,0,,Cpu,Cpu:1,270,Avx2,,false
0,302,453,1,12450472,1,10,100000,0,0,,Cpu,Cpu:1,280,Avx2,,false
0,303,353,1,12450642,1,10,100000,0,0,,Cpu,Cpu:1,340,Avx2,,false
0,304,346,1,12490211,1,10,100000,0,0,,Cpu,Cpu:1,400,Avx2,,false
0,305,51,1,12489521,1,10,100000,0,0,,Cpu,Cpu:1,250,Avx2,,false
0,306,468,1,12463682,1,10,100000,0,0,,Cpu,Cpu:1,300,Avx2,,false
0,307,496,1,12500971,1,10,100000,0,0,,Cpu,Cpu:1,280,Avx2,,false
0,308,358,1,12462791,1,10,100000,0,0,,Cpu,Cpu:1,360,Avx2,,false
0,309,433,1,12473791,1,10,100000,0,0,,Cpu,Cpu:1,290,Avx2,,false
0,310,134,1,12436382,1,10,100000,0,0,,Cpu,Cpu:1,269,Avx2,,false
0,311,125,1,12459322,1,10,100000,0,0,,Cpu,Cpu:1,260,Avx2,,false
0,312,27,1,12502021,1,10,100000,0,0,,Cpu,Cpu:1,311,Avx2,,false
0,313,147,1,12485851,1,10,100000,0,0,,Cpu,Cpu:1,270,Avx2,,false
0,314,458,1,12447451,1,10,100000,0,0,,Cpu,Cpu:1,280,Avx2,,false
0,315,205,1,12454061,1,10,100000,0,0,,Cpu,Cpu:1,271,Avx2,,false
0,316,31,1,12490521,1,10,100000,0,0,,Cpu,Cpu:1,269,Avx2,,false
0,317,446,1,12515241,1,10,100000,0,0,,Cpu,Cpu:1,270,Avx2,,false
0,318,476,1,12438041,1,10,100000,0,0,,Cpu,Cpu:1,260,Avx2,,false
0,319,497,1,12480781,1,10,100000,0,0,,Cpu,Cpu:1,280,Avx2,,false
0,320,164,1,12450612,1,10,100000,0,0,,Cpu,Cpu:1,270,Avx2,,false
0,321,109,1,12493071,1,10,100000,0,0,,Cpu,Cpu:1,370,Avx2,,false
0,322,167,1,12517941,1,10,100000,0,0,,Cpu,Cpu:1,270,Avx2,,false
0,323,197,1,12446611,1,10,100000,0,0,,Cpu,Cpu:1,280,Avx2,,false
0,324,173,1,12442152,1,10,100000,0,0,,Cpu,Cpu:1,280,Avx2,,false
0,325,1,1,12475921,1,10,100000,0,0,,Cpu,Cpu:1,270,Avx2,,false
0,326,474,1,12443062,1,10,100000,0,0,,Cpu,Cpu:1,280,Avx2,,false
0,327,343,1,12469181,1,10,100000,0,0,,Cpu,Cpu:1,270,Avx2,,false
0,328,88,1,12449951,1,10,100000,0,0,,Cpu,Cpu:1,270,Avx2,,false
0,329,229,1,12470551,1,10,100000,0,0,,Cpu,Cpu:1,280,Avx2,,false
0,330,87,1,12472162,1,10,100000,0,0,,Cpu,Cpu:1,300,Avx2,,false
0,331,113,1,12431412,1,10,100000,0,0,,Cpu,Cpu:1,280,Avx2,,false
0,332,202,1,12440251,1,10,100000,0,0,,Cpu,Cpu:1,289,Avx2,,false
0,333,263,1,14404789,1,10,100000,0,0,,Cpu,Cpu:1,270,Avx2,,false
0,334,206,1,12422852,1,10,100000,0,0,,Cpu,Cpu:1,270,Avx2,,false
0,335,391,1,12396332,1,10,100000,0,0,,Cpu,Cpu:1,470,Avx2,,false
0,336,424,1,12425512,1,10,100000,0,0,,Cpu,Cpu:1,280,Avx2,,false
0,337,475,1,12447362,1,10,100000,0,0,,Cpu,Cpu:1,280,Avx2,,false
0,338,42,1,12399662,1,10,100000,0,0,,Cpu,Cpu:1,290,Avx2,,false
0,339,375,1,12438981,1,10,100000,0,0,,Cpu,Cpu:1,270,Avx2,,false
0,340,267,1,12423882,1,10,100000,0,0,,Cpu,Cpu:1,280,Avx2,,false
0,341,129,1,12424052,1,10,100000,0,0,,Cpu,Cpu:1,270,Avx2,,false
0,342,25,1,12462632,1,10,100000,0,0,,Cpu,Cpu:1,260,Avx2,,false
0,343,61,1,12431502,1,10,100000,0,0,,Cpu,Cpu:1,270,Avx2,,false
0,344,452,1,12438531,1,10,100000,0,0,,Cpu,Cpu:1,270,Avx2,,false
0,345,255,1,12481221,1,10,100000,0,0,,Cpu,Cpu:1,280,Avx2,,false
0,346,140,1,12437092,1,10,100000,0,0,,Cpu,Cpu:1,269,Avx2,,false
0,347,467,1,12441231,1,10,100000,0,0,,Cpu,Cpu:1,310,Avx2,,false
0,348,388,1,12426591,1,10,100000,0,0,,Cpu,Cpu:1,270,Avx2,,false
0,349,251,1,12431652,1,10,100000,0,0,,Cpu,Cpu:1,300,Avx2,,false
0,350,203,1,12439192,1,10,100000,0,0,,Cpu,Cpu:1,270,Avx2,,false
0,351,414,1,12435501,1,10,100000,0,0,,Cpu,Cpu:1,271,Avx2,,false
0,352,248,1,12423682,1,10,100000,0,0,,Cpu,Cpu:1,369,Avx2,,false
0,353,261,1,12436582,1,10,100000,0,0,,Cpu,Cpu:1,280,Avx2,,false
0,354,192,1,12486191,1,10,100000,0,0,,Cpu,Cpu:1,270,Avx2,,false
0,355,349,1,12493921,1,10,100000,0,0,,Cpu,Cpu:1,270,Avx2,,false
0,356,490,1,12457351,1,10,100000,0,0,,Cpu,Cpu:1,270,Avx2,,false
0,357,235,1,12434332,1,10,100000,0,0,,Cpu,Cpu:1,280,Avx2,,false
0,358,238,1,12430772,1,10,100000,0,0,,Cpu,Cpu:1,270,Avx2,,false
0,359,402,1,12438881,1,10,100000,0,0,,Cpu,Cpu:1,280,Avx2,,false
0,360,333,1,12520560,1,10,100000,0,0,,Cpu,Cpu:1,290,Avx2,,false
0,361,459,1,12480521,1,10,100000,0,0,,Cpu,Cpu:1,470,Avx2,,false
0,362,495,1,12436071,1,10,100000,0,0,,Cpu,Cpu:1,280,Avx2,,false
0,363,387,1,12451941,1,10,100000,0,0,,Cpu,Cpu:1,280,Avx2,,false
0,364,444,1,12455171,1,10,100000,0,0,,Cpu,Cpu:1,280,Avx2,,false
0,365,355,1,12472071,1,10,100000,0,0,,Cpu,Cpu:1,300,Avx2,,false
0,366,367,1,12432612,1,10,100000,0,0,,Cpu,Cpu:1,280,Avx2,,false
0,367,383,1,12411842,1,10,100000,0,0,,Cpu,Cpu:1,280,Avx2,,false
0,368,303,1,12472861,1,10,100000,0,0,,Cpu,Cpu:1,280,Avx2,,false
0,369,17,1,12491591,1,10,100000,0,0,,Cpu,Cpu:1,280,Avx2,,false
0,370,72,1,12502700,1,10,100000,0,0,,Cpu,Cpu:1,400,Avx2,,false
0,371,384,1,12457381,1,10,100000,0,0,,Cpu,Cpu:1,270,Avx2,,false
0,372,96,1,12445901,1,10,100000,0,0,,Cpu,Cpu:1,300,Avx2,,false
0,373,225,1,12458881,1,10,100000,0,0,,Cpu,Cpu:1,270,Avx2,,false
0,374,342,1,12454971,1,10,100000,0,0,,Cpu,Cpu:1,280,Avx2,,false
0,375,189,1,12474561,1,10,100000,0,0,,Cpu,Cpu:1,320,Avx2,,false
0,376,416,1,12404191,1,10,100000,0,0,,Cpu,Cpu:1,271,Avx2,,false
0,377,407,1,12490941,1,10,100000,0,0,,Cpu,Cpu:1,280,Avx2,,false
0,378,150,1,12443381,1,10,100000,0,0,,Cpu,Cpu:1,410,Avx2,,false
0,379,153,1,12425751,1,10,100000,0,0,,Cpu,Cpu:1,280,Avx2,,false
0,380,310,1,12419662,1,10,100000,0,0,,Cpu,Cpu:1,280,Avx2,,false
0,381,488,1,12421512,1,10,100000,0,0,,Cpu,Cpu:1,270,Avx2,,false
0,382,120,1,12435001,1,10,100000,0,0,,Cpu,Cpu:1,320,Avx2,,false
0,383,487,1,12441012,1,10,100000,0,0,,Cpu,Cpu:1,270,Avx2,,false
0,384,29,1,12493711,1,10,100000,0,0,,Cpu,Cpu:1,650,Avx2,,false
0,385,281,1,12593420,1,10,100000,0,0,,Cpu,Cpu:1,270,Avx2,,false
0,386,214,1,12625640,1,10,100000,0,0,,Cpu,Cpu:1,280,Avx2,,false
0,387,313,1,12632570,1,10,100000,0,0,,Cpu,Cpu:1,270,Avx2,,false
0,388,207,1,12621130,1,10,100000,0,0,,Cpu,Cpu:1,280,Avx2,,false
0,389,163,1,12650989,1,10,100000,0,0,,Cpu,Cpu:1,280,Avx2,,false
0,390,45,1,12613220,1,10,100000,0,0,,Cpu,Cpu:1,280,Avx2,,false
0,391,463,1,12591210,1,10,100000,0,0,,Cpu,Cpu:1,400,Avx2,,false
0,392,489,1,12585499,1,10,100000,0,0,,Cpu,Cpu:1,270,Avx2,,false
0,393,83,1,12648849,1,10,100000,0,0,,Cpu,Cpu:1,270,Avx2,,false
0,394,94,1,12580050,1,10,100000,0,0,,Cpu,Cpu:1,300,Avx2,,false
0,395,217,1,12633089,1,10,100000,0,0,,Cpu,Cpu:1,289,Avx2,,false
0,396,271,1,12677898,1,10,100000,0,0,,Cpu,Cpu:1,280,Avx2,,false
0,397,345,1,12595830,1,10,100000,0,0,,Cpu,Cpu:1,250,Avx2,,false
0,398,13,1,12644080,1,10,100000,0,0,,Cpu,Cpu:1,280,Avx2,,false
0,399,465,1,12604780,1,10,100000,0,0,,Cpu,Cpu:1,270,Avx2,,false
0,400,435,1,12621920,1,10,100000,0,0,,Cpu,Cpu:1,380,Avx2,,false
0,401,492,1,12663648,1,10,100000,0,0,,Cpu,Cpu:1,280,Avx2,,false
0,402,149,1,12604340,1,10,100000,0,0,,Cpu,Cpu:1,410,Avx2,,false
0,403,89,1,12607770,1,10,100000,0,0,,Cpu,Cpu:1,260,Avx2,,false
0,404,172,1,12603949,1,10,100000,0,0,,Cpu,Cpu:1,280,Avx2,,false
0,405,327,1,12625849,1,10,100000,0,0,,Cpu,Cpu:1,290,Avx2,,false
0,406,84,1,12617659,1,10,100000,0,0,,Cpu,Cpu:1,290,Avx2,,false
0,407,341,1,12701089,1,10,100000,0,0,,Cpu,Cpu:1,430,Avx2,,false
0,408,462,1,12633500,1,10,100000,0,0,,Cpu,Cpu:1,270,Avx2,,false
0,409,75,1,12665089,1,10,100000,0,0,,Cpu,Cpu:1,360,Avx2,,false
0,410,329,1,12634519,1,10,100000,0,0,,Cpu,Cpu:1,510,Avx2,,false
0,411,289,1,12612179,1,10,100000,0,0,,Cpu,Cpu:1,280,Avx2,,false
0,412,428,1,12644579,1,10,100000,0,0,,Cpu,Cpu:1,270,Avx2,,false
0,413,3,1,12627549,1,10,100000,0,0,,Cpu,Cpu:1,280,Avx2,,false
0,414,361,1,12619939,1,10,100000,0,0,,Cpu,Cpu:1,280,Avx2,,false
0,415,457,1,12602239,1,10,100000,0,0,,Cpu,Cpu:1,280,Avx2,,false
0,416,133,1,12624070,1,10,100000,0,0,,Cpu,Cpu:1,360,Avx2,,false
0,417,373,1,12632120,1,10,100000,0,0,,Cpu,Cpu:1,280,Avx2,,false
0,418,482,1,12587670,1,10,100000,0,0,,Cpu,Cpu:1,380,Avx2,,false
0,419,321,1,12660360,1,10,100000,0,0,,Cpu,Cpu:1,280,Avx2,,false
0,420,154,1,12644240,1,10,100000,0,0,,Cpu,Cpu:1,270,Avx2,,false
0,421,21,1,12638460,1,10,100000,0,0,,Cpu,Cpu:1,520,Avx2,,false
0,422,399,1,12614799,1,10,100000,0,0,,Cpu,Cpu:1,280,Avx2,,false
0,423,253,1,12607180,1,10,100000,0,0,,Cpu,Cpu:1,360,Avx2,,false
0,424,308,1,12643550,1,10,100000,0,0,,Cpu,Cpu:1,370,Avx2,,false
0,425,15,1,12712369,1,10,100000,0,0,,Cpu,Cpu:1,380,Avx2,,false
0,426,41,1,12616070,1,10,100000,0,0,,Cpu,Cpu:1,380,Avx2,,false
0,427,53,1,12586810,1,10,100000,0,0,,Cpu,Cpu:1,370,Avx2,,false
0,428,232,1,12610350,1,10,100000,0,0,,Cpu,Cpu:1,290,Avx2,,false
0,429,73,1,13116894,1,10,100000,0,0,,Cpu,Cpu:1,270,Avx2,,false
0,430,456,1,12623799,1,10,100000,0,0,,Cpu,Cpu:1,280,Avx2,,false
0,431,277,1,12585119,1,10,100000,0,0,,Cpu,Cpu:1,280,Avx2,,false
0,432,141,1,12651759,1,10,100000,0,0,,Cpu,Cpu:1,280,Avx2,,false
0,433,65,1,12667329,1,10,100000,0,0,,Cpu,Cpu:1,290,Avx2,,false
0,434,374,1,12645659,1,10,100000,0,0,,Cpu,Cpu:1,280,Avx2,,false
0,435,443,1,12635400,1,10,100000,0,0,,Cpu,Cpu:1,280,Avx2,,false
0,436,245,1,12657869,1,10,100000,0,0,,Cpu,Cpu:1,290,Avx2,,false
0,437,185,1,12633019,1,10,100000,0,0,,Cpu,Cpu:1,370,Avx2,,false
0,438,430,1,12652889,1,10,100000,0,0,,Cpu,Cpu:1,270,Avx2,,false
0,439,461,1,12612170,1,10,100000,0,0,,Cpu,Cpu:1,269,Avx2,,false
0,440,159,1,12661849,1,10,100000,0,0,,Cpu,Cpu:1,270,Avx2,,false
0,441,179,1,13416671,1,10,100000,0,0,,Cpu,Cpu:1,280,Avx2,,false
0,442,160,1,12894467,1,10,100000,0,0,,Cpu,Cpu:1,340,Avx2,,false
0,443,241,1,12981195,1,10,100000,0,0,,Cpu,Cpu:1,380,Avx2,,false
0,444,404,1,12971116,1,10,100000,0,0,,Cpu,Cpu:1,440,Avx2,,false
0,445,177,1,13010795,1,10,100000,0,0,,Cpu,Cpu:1,290,Avx2,,false
0,446,137,1,12941216,1,10,100000,0,0,,Cpu,Cpu:1,280,Avx2,,false
0,447,165,1,12933896,1,10,100000,0,0,,Cpu,Cpu:1,280,Avx2,,false
0,448,123,1,12996305,1,10,100000,0,0,,Cpu,Cpu:1,270,Avx2,,false
0,449,365,1,12900157,1,10,100000,0,0,,Cpu,Cpu:1,291,Avx2,,false
0,450,300,1,12855777,1,10,100000,0,0,,Cpu,Cpu:1,290,Avx2,,false
0,451,301,1,12883697,1,10,100000,0,0,,Cpu,Cpu:1,280,Avx2,,false
0,452,237,1,12998886,1,10,100000,0,0,,Cpu,Cpu:1,270,Avx2,,false
0,453,445,1,12907907,1,10,100000,0,0,,Cpu,Cpu:1,290,Avx2,,false
0,454,320,1,12894957,1,10,100000,0,0,,Cpu,Cpu:1,270,Avx2,,false
0,455,77,1,12879327,1,10,100000,0,0,,Cpu,Cpu:1,270,Avx2,,false
0,456,187,1,12835357,1,10,100000,0,0,,Cpu,Cpu:1,271,Avx2,,false
0,457,439,1,12835577,1,10,100000,0,0,,Cpu,Cpu:1,260,Avx2,,false
0,458,331,1,12799828,1,10,100000,0,0,,Cpu,Cpu:1,310,Avx2,,false
0,459,325,1,12820467,1,10,100000,0,0,,Cpu,Cpu:1,290,Avx2,,false
0,460,382,1,12793847,1,10,100000,0,0,,Cpu,Cpu:1,280,Avx2,,false
0,461,471,1,12834537,1,10,100000,0,0,,Cpu,Cpu:1,270,Avx2,,false
0,462,208,1,12893226,1,10,100000,0,0,,Cpu,Cpu:1,280,Avx2,,false
0,463,309,1,12844677,1,10,100000,0,0,,Cpu,Cpu:1,290,Avx2,,false
0,464,26,1,12829678,1,10,100000,0,0,,Cpu,Cpu:1,320,Avx2,,false
0,465,431,1,12793828,1,10,100000,0,0,,Cpu,Cpu:1,280,Avx2,,false
0,466,178,1,12736189,1,10,100000,0,0,,Cpu,Cpu:1,280,Avx2,,false
0,467,97,1,12710399,1,10,100000,0,0,,Cpu,Cpu:1,290,Avx2,,false
0,468,292,1,12668169,1,10,100000,0,0,,Cpu,Cpu:1,270,Avx2,,false
0,469,169,1,12622120,1,10,100000,0,0,,Cpu,Cpu:1,280,Avx2,,false
0,470,95,1,12716948,1,10,100000,0,0,,Cpu,Cpu:1,280,Avx2,,false
0,471,479,1,12626109,1,10,100000,0,0,,Cpu,Cpu:1,260,Avx2,,false
0,472,282,1,12652819,1,10,100000,0,0,,Cpu,Cpu:1,300,Avx2,,false
0,473,219,1,12632519,1,10,100000,0,0,,Cpu,Cpu:1,280,Avx2,,false
0,474,491,1,12638359,1,10,100000,0,0,,Cpu,Cpu:1,280,Avx2,,false
0,475,305,1,12680569,1,10,100000,0,0,,Cpu,Cpu:1,250,Avx2,,false
0,476,191,1,12659699,1,10,100000,0,0,,Cpu,Cpu:1,280,Avx2,,false
0,477,211,1,12687459,1,10,100000,0,0,,Cpu,Cpu:1,280,Avx2,,false
0,478,135,1,12733048,1,10,100000,0,0,,Cpu,Cpu:1,270,Avx2,,false
0,479,481,1,12603980,1,10,100000,0,0,,Cpu,Cpu:1,270,Avx2,,false
0,480,312,1,12679869,1,10,100000,0,0,,Cpu,Cpu:1,280,Avx2,,false
0,481,357,1,12589940,1,10,100000,0,0,,Cpu,Cpu:1,280,Avx2,,false
0,482,227,1,12572420,1,10,100000,0,0,,Cpu,Cpu:1,420,Avx2,,false
0,483,209,1,12612069,1,10,100000,0,0,,Cpu,Cpu:1,290,Avx2,,false
0,484,411,1,12546820,1,10,100000,0,0,,Cpu,Cpu:1,530,Avx2,,false
0,485,315,1,12650569,1,10,100000,0,0,,Cpu,Cpu:1,280,Avx2,,false
0,486,483,1,12596720,1,10,100000,0,0,,Cpu,Cpu:1,240,Avx2,,false
0,487,101,1,12636070,1,10,100000,0,0,,Cpu,Cpu:1,290,Avx2,,false
0,488,171,1,12613170,1,10,100000,0,0,,Cpu,Cpu:1,270,Avx2,,false
0,489,19,1,12590440,1,10,100000,0,0,,Cpu,Cpu:1,270,Avx2,,false
0,490,288,1,12573080,1,10,100000,0,0,,Cpu,Cpu:1,280,Avx2,,false
0,491,161,1,12639149,1,10,100000,0,0,,Cpu,Cpu:1,280,Avx2,,false
0,492,335,1,12643990,1,10,100000,0,0,,Cpu,Cpu:1,280,Avx2,,false
0,493,105,1,12576790,1,10,100000,0,0,,Cpu,Cpu:1,280,Avx2,,false
0,494,278,1,12563010,1,10,100000,0,0,,Cpu,Cpu:1,280,Avx2,,false
0,495,85,1,12765898,1,10,100000,0,0,,Cpu,Cpu:1,280,Avx2,,false
0,496,193,1,12563220,1,10,100000,0,0,,Cpu,Cpu:1,250,Avx2,,false
0,497,293,1,12553630,1,10,100000,0,0,,Cpu,Cpu:1,300,Avx2,,false
0,498,264,1,12568781,1,10,100000,0,0,,Cpu,Cpu:1,291,Avx2,,false
0,499,493,1,12587100,1,10,100000,0,0,,Cpu,Cpu:1,270,Avx2,,false
1,0,1,1,12619140,1,10,100000,0,0,,Cpu,Cpu:1,289,Avx2,,false
1,1,492,1,12614230,1,10,100000,0,0,,Cpu,Cpu:1,280,Avx2,,false
1,2,45,1,12632259,1,10,100000,0,0,,Cpu,Cpu:1,280,Avx2,,false
1,3,394,1,12646289,1,10,100000,0,0,,Cpu,Cpu:1,360,Avx2,,false
1,4,221,1,12560740,1,10,100000,0,0,,Cpu,Cpu:1,280,Avx2,,false
1,5,377,1,12547720,1,10,100000,0,0,,Cpu,Cpu:1,271,Avx2,,false
1,6,12,1,12534541,1,10,100000,0,0,,Cpu,Cpu:1,290,Avx2,,false
1,7,429,1,12591340,1,10,100000,0,0,,Cpu,Cpu:1,280,Avx2,,false
1,8,185,1,12559080,1,10,100000,0,0,,Cpu,Cpu:1,440,Avx2,,false
1,9,177,1,12554480,1,10,100000,0,0,,Cpu,Cpu:1,280,Avx2,,false
1,10,490,1,12558001,1,10,100000,0,0,,Cpu,Cpu:1,280,Avx2,,false
1,11,467,1,12627200,1,10,100000,0,0,,Cpu,Cpu:1,270,Avx2,,false
1,12,134,1,12596130,1,10,100000,0,0,,Cpu,Cpu:1,290,Avx2,,false
1,13,247,1,12589609,1,10,100000,0,0,,Cpu,Cpu:1,330,Avx2,,false
1,14,13,1,12531981,1,10,100000,0,0,,Cpu,Cpu:1,290,Avx2,,false
1,15,23,1,12540641,1,10,100000,0,0,,Cpu,Cpu:1,290,Avx2,,false
1,16,441,1,12573720,1,10,100000,0,0,,Cpu,Cpu:1,290,Avx2,,false
1,17,407,1,12583600,1,10,100000,0,0,,Cpu,Cpu:1,280,Avx2,,false
1,18,21,1,12523701,1,10,100000,0,0,,Cpu,Cpu:1,280,Avx2,,false
1,19,294,1,12558010,1,10,100000,0,0,,Cpu,Cpu:1,280,Avx2,,false
1,20,9,1,12615510,1,10,100000,0,0,,Cpu,Cpu:1,280,Avx2,,false
1,21,6,1,12598069,1,10,100000,0,0,,Cpu,Cpu:1,271,Avx2,,false
1,22,40,1,12594200,1,10,100000,0,0,,Cpu,Cpu:1,260,Avx2,,false
1,23,372,1,12574740,1,10,100000,0,0,,Cpu,Cpu:1,400,Avx2,,false
1,24,440,1,12601190,1,10,100000,0,0,,Cpu,Cpu:1,290,Avx2,,false
1,25,248,1,12564890,1,10,100000,0,0,,Cpu,Cpu:1,460,Avx2,,false
1,26,196,1,12590890,1,10,100000,0,0,,Cpu,Cpu:1,500,Avx2,,false
1,27,125,1,12597170,1,10,100000,0,0,,Cpu,Cpu:1,290,Avx2,,false
1,28,68,1,12676709,1,10,100000,0,0,,Cpu,Cpu:1,280,Avx2,,false
1,29,488,1,12534641,1,10,100000,0,0,,Cpu,Cpu:1,310,Avx2,,false
1,30,357,1,12560780,1,10,100000,0,0,,Cpu,Cpu:1,270,Avx2,,false
1,31,77,1,12579740,1,10,100000,0,0,,Cpu,Cpu:1,280,Avx2,,false
1,32,126,1,12613899,1,10,100000,0,0,,Cpu,Cpu:1,280,Avx2,,false
1,33,330,1,12558410,1,10,100000,0,0,,Cpu,Cpu:1,280,Avx2,,false
1,34,207,1,12608660,1,10,100000,0,0,,Cpu,Cpu:1,289,Avx2,,false
1,35,356,1,12704218,1,10,100000,0,0,,Cpu,Cpu:1,490,Avx2,,false
1,36,73,1,12654659,1,10,100000,0,0,,Cpu,Cpu:1,280,Avx2,,false
1,37,160,1,12612129,1,10,100000,0,0,,Cpu,Cpu:1,290,Avx2,,false
1,38,282,1,12588620,1,10,100000,0,0,,Cpu,Cpu:1,270,Avx2,,false
1,39,59,1,12569169,1,10,100000,0,0,,Cpu,Cpu:1,289,Avx2,,false
1,40,241,1,12648819,1,10,100000,0,0,,Cpu,Cpu:1,470,Avx2,,false
1,41,57,1,12521560,1,10,100000,0,0,,Cpu,Cpu:1,260,Avx2,,false
1,42,225,1,12487761,1,10,100000,0,0,,Cpu,Cpu:1,290,Avx2,,false
1,43,92,1,12554330,1,10,100000,0,0,,Cpu,Cpu:1,280,Avx2,,false
1,44,422,1,12437112,1,10,100000,0,0,,Cpu,Cpu:1,269,Avx2,,false
1,45,396,1,12512171,1,10,100000,0,0,,Cpu,Cpu:1,269,Avx2,,false
1,46,75,1,12445601,1,10,100000,0,0,,Cpu,Cpu:1,270,Avx2,,false
1,47,63,1,12455301,1,10,100000,0,0,,Cpu,Cpu:1,280,Avx2,,false
1,48,61,1,12463641,1,10,100000,0,0,,Cpu,Cpu:1,290,Avx2,,false
1,49,189,1,12436991,1,10,100000,0,0,,Cpu,Cpu:1,280,Avx2,,false
1,50,393,1,12532860,1,10,100000,0,0,,Cpu,Cpu:1,360,Avx2,,false
1,51,50,1,12488841,1,10,100000,0,0,,Cpu,Cpu:1,370,Avx2,,false
1,52,116,1,12505570,1,10,100000,0,0,,Cpu,Cpu:1,280,Avx2,,false
1,53,198,1,12505511,1,10,100000,0,0,,Cpu,Cpu:1,290,Avx2,,false
1,54,41,1,12533141,1,10,100000,0,0,,Cpu,Cpu:1,330,Avx2,,false
1,55,107,1,12458082,1,10,100000,0,0,,Cpu,Cpu:1,460,Avx2,,false
1,56,79,1,12458032,1,10,100000,0,0,,Cpu,Cpu:1,290,Avx2,,false
1,57,352,1,12458412,1,10,100000,0,0,,Cpu,Cpu:1,290,Avx2,,false
1,58,346,1,12489491,1,10,100000,0,0,,Cpu,Cpu:1,280,Avx2,,false
1,59,264,1,12553530,1,10,100000,0,0,,Cpu,Cpu:1,280,Avx2,,false
1,60,448,1,12515530,1,10,100000,0,0,,Cpu,Cpu:1,249,Avx2,,false
1,61,368,1,12457241,1,10,100000,0,0,,Cpu,Cpu:1,270,Avx2,,false
1,62,27,1,12449291,1,10,100000,0,0,,Cpu,Cpu:1,400,Avx2,,false
1,63,121,1,12443181,1,10,100000,0,0,,Cpu,Cpu:1,280,Avx2,,false
1,64,131,1,12562600,1,10,100000,0,0,,Cpu,Cpu:1,290,Avx2,,false
1,65,472,1,14137102,1,10,100000,0,0,,Cpu,Cpu:1,280,Avx2,,false
1,66,67,1,12830757,1,10,100000,0,0,,Cpu,Cpu:1,350,Avx2,,false
1,67,401,1,12515890,1,10,100000,0,0,,Cpu,Cpu:1,260,Avx2,,false
1,68,52,1,12442191,1,10,100000,0,0,,Cpu,Cpu:1,270,Avx2,,false
1,69,265,1,12476231,1,10,100000,0,0,,Cpu,Cpu:1,280,Avx2,,false
1,70,153,1,12480861,1,10,100000,0,0,,Cpu,Cpu:1,280,Avx2,,false
1,71,342,1,12431192,1,10,100000,0,0,,Cpu,Cpu:1,290,Avx2,,false
1,72,252,1,12508201,1,10,100000,0,0,,Cpu,Cpu:1,291,Avx2,,false
1,73,224,1,12460321,1,10,100000,0,0,,Cpu,Cpu:1,290,Avx2,,false
1,74,53,1,12498811,1,10,100000,0,0,,Cpu,Cpu:1,290,Avx2,,false
1,75,434,1,12534121,1,10,100000,0,0,,Cpu,Cpu:1,280,Avx2,,false
1,76,446,1,12430342,1,10,100000,0,0,,Cpu,Cpu:1,270,Avx2,,false
1,77,254,1,12666600,1,10,100000,0,0,,Cpu,Cpu:1,280,Avx2,,false
1,78,147,1,12516791,1,10,100000,0,0,,Cpu,Cpu:1,290,Avx2,,false
1,79,87,1,12515141,1,10,100000,0,0,,Cpu,Cpu:1,289,Avx2,,false
1,80,204,1,12494901,1,10,100000,0,0,,Cpu,Cpu:1,280,Avx2,,false
1,81,117,1,12515701,1,10,100000,0,0,,Cpu,Cpu:1,290,Avx2,,false
1,82,334,1,12444832,1,10,100000,0,0,,Cpu,Cpu:1,300,Avx2,,false
1,83,168,1,12558751,1,10,100000,0,0,,Cpu,Cpu:1,291,Avx2,,false
1,84,256,1,12517991,1,10,100000,0,0,,Cpu,Cpu:1,280,Avx2,,false
1,85,229,1,12456661,1,10,100000,0,0,,Cpu,Cpu:1,340,Avx2,,false
1,86,188,1,12492572,1,10,100000,0,0,,Cpu,Cpu:1,269,Avx2,,false
1,87,291,1,12551860,1,10,100000,0,0,,Cpu,Cpu:1,440,Avx2,,false
1,88,157,1,12517021,1,10,100000,0,0,,Cpu,Cpu:1,270,Avx2,,false
1,89,382,1,12504081,1,10,100000,0,0,,Cpu,Cpu:1,330,Avx2,,false
1,90,95,1,12462342,1,10,100000,0,0,,Cpu,Cpu:1,309,Avx2,,false
1,91,102,1,12503831,1,10,100000,0,0,,Cpu,Cpu:1,280,Avx2,,false
1,92,30,1,12473981,1,10,100000,0,0,,Cpu,Cpu:1,290,Avx2,,false
1,93,38,1,12509830,1,10,100000,0,0,,Cpu,Cpu:1,290,Avx2,,false
1,94,430,1,12543100,1,10,100000,0,0,,Cpu,Cpu:1,360,Avx2,,false
1,95,111,1,14877544,1,10,100000,0,0,,Cpu,Cpu:1,290,Avx2,,false
1,96,35,1,15293979,1,10,100000,0,0,,Cpu,Cpu:1,280,Avx2,,false
1,97,260,1,12685069,1,10,100000,0,0,,Cpu,Cpu:1,280,Avx2,,false
1,98,39,1,12505261,1,10,100000,0,0,,Cpu,Cpu:1,300,Avx2,,false
1,99,462,1,12445062,1,10,100000,0,0,,Cpu,Cpu:1,270,Avx2,,false
1,100,128,1,12454191,1,10,100000,0,0,,Cpu,Cpu:1,280,Avx2,,false
1,101,318,1,12491731,1,10,100000,0,0,,Cpu,Cpu:1,250,Avx2,,false
1,102,115,1,12472001,1,10,100000,0,0,,Cpu,Cpu:1,271,Avx2,,false
1,103,151,1,13204613,1,10,100000,0,0,,Cpu,Cpu:1,420,Avx2,,false
1,104,11,1,12496221,1,10,100000,0,0,,Cpu,Cpu:1,290,Avx2,,false
1,105,124,1,12553101,1,10,100000,0,0,,Cpu,Cpu:1,280,Avx2,,false
1,106,460,1,12503691,1,10,100000,0,0,,Cpu,Cpu:1,290,Avx2,,false
1,107,379,1,12488741,1,10,100000,0,0,,Cpu,Cpu:1,290,Avx2,,false
1,108,123,1,12488281,1,10,100000,0,0,,Cpu,Cpu:1,290,Avx2,,false
1,109,4,1,12484711,1,10,100000,0,0,,Cpu,Cpu:1,290,Avx2,,false
1,110,60,1,12505970,1,10,100000,0,0,,Cpu,Cpu:1,280,Avx2,,false
1,111,359,1,12464661,1,10,100000,0,0,,Cpu,Cpu:1,280,Avx2,,false
1,112,99,1,12492481,1,10,100000,0,0,,Cpu,Cpu:1,269,Avx2,,false
1,113,363,1,12450421,1,10,100000,0,0,,Cpu,Cpu:1,280,Avx2,,false
1,114,80,1,12514891,1,10,100000,0,0,,Cpu,Cpu:1,350,Avx2,,false
1,115,155,1,12499921,1,10,100000,0,0,,Cpu,Cpu:1,280,Avx2,,false
1,116,104,1,12457241,1,10,100000,0,0,,Cpu,Cpu:1,280,Avx2,,false
1,117,205,1,12493981,1,10,100000,0,0,,Cpu,Cpu:1,270,Avx2,,false
1,118,253,1,12491821,1,10,100000,0,0,,Cpu,Cpu:1,270,Avx2,,false
1,119,473,1,12462671,1,10,100000,0,0,,Cpu,Cpu:1,280,Avx2,,false
1,120,197,1,12490111,1,10,100000,0,0,,Cpu,Cpu:1,280,Avx2,,false
1,121,176,1,12463801,1,10,100000,0,0,,Cpu,Cpu:1,280,Avx2,,false
1,122,139,1,12509121,1,10,100000,0,0,,Cpu,Cpu:1,280,Avx2,,false
1,123,418,1,12494990,1,10,100000,0,0,,Cpu,Cpu:1,251,Avx2,,false
1,124,450,1,12455691,1,10,100000,0,0,,Cpu,Cpu:1,550,Avx2,,false
1,125,400,1,12545760,1,10,100000,0,0,,Cpu,Cpu:1,270,Avx2,,false
1,126,37,1,12491711,1,10,100000,0,0,,Cpu,Cpu:1,410,Avx2,,false
1,127,307,1,12485731,1,10,100000,0,0,,Cpu,Cpu:1,280,Avx2,,false
1,128,361,1,12493431,1,10,100000,0,0,,Cpu,Cpu:1,280,Avx2,,false
1,129,161,1,12483261,1,10,100000,0,0,,Cpu,Cpu:1,291,Avx2,,false
1,130,402,1,12484861,1,10,100000,0,0,,Cpu,Cpu:1,350,Avx2,,false
1,131,478,1,12461781,1,10,100000,0,0,,Cpu,Cpu:1,280,Avx2,,false
1,132,183,1,12420122,1,10,100000,0,0,,Cpu,Cpu:1,390,Avx2,,false
1,133,293,1,12432282,1,10,100000,0,0,,Cpu,Cpu:1,300,Avx2,,false
1,134,227,1,12516781,1,10,100000,0,0,,Cpu,Cpu:1,310,Avx2,,false
1,135,143,1,12490090,1,10,100000,0,0,,Cpu,Cpu:1,260,Avx2,,false
1,136,433,1,12486631,1,10,100000,0,0,,Cpu,Cpu:1,280,Avx2,,false
1,137,158,1,12526980,1,10,100000,0,0,,Cpu,Cpu:1,280,Avx2,,false
1,138,109,1,12501950,1,10,100000,0,0,,Cpu,Cpu:1,270,Avx2,,false
1,139,267,1,12464632,1,10,100000,0,0,,Cpu,Cpu:1,390,Avx2,,false
1,140,190,1,12468321,1,10,100000,0,0,,Cpu,Cpu:1,290,Avx2,,false
1,141,376,1,12476911,1,10,100000,0,0,,Cpu,Cpu:1,490,Avx2,,false
1,142,272,1,12461931,1,10,100000,0,0,,Cpu,Cpu:1,300,Avx2,,false
1,143,336,1,12461481,1,10,100000,0,0,,Cpu,Cpu:1,289,Avx2,,false
1,144,281,1,12482041,1,10,100000,0,0,,Cpu,Cpu:1,280,Avx2,,false
1,145,244,1,12456611,1,10,100000,0,0,,Cpu,Cpu:1,270,Avx2,,false
1,146,424,1,12516440,1,10,100000,0,0,,Cpu,Cpu:1,280,Avx2,,false
1,147,163,1,12521811,1,10,100000,0,0,,Cpu,Cpu:1,280,Avx2,,false
1,148,206,1,12454792,1,10,100000,0,0,,Cpu,Cpu:1,500,Avx2,,false
1,149,164,1,12508761,1,10,100000,0,0,,Cpu,Cpu:1,270,Avx2,,false
1,150,29,1,12469561,1,10,100000,0,0,,Cpu,Cpu:1,380,Avx2,,false
1,151,412,1,12461301,1,10,100000,0,0,,Cpu,Cpu:1,291,Avx2,,false
1,152,455,1,12474271,1,10,100000,0,0,,Cpu,Cpu:1,290,Avx2,,false
1,153,237,1,12451781,1,10,100000,0,0,,Cpu,Cpu:1,280,Avx2,,false
1,154,31,1,12528821,1,10,100000,0,0,,Cpu,Cpu:1,290,Avx2,,false
1,155,195,1,12471501,1,10,100000,0,0,,Cpu,Cpu:1,270,Avx2,,false
1,156,314,1,12477091,1,10,100000,0,0,,Cpu,Cpu:1,500,Avx2,,false
1,157,16,1,12502030,1,10,100000,0,0,,Cpu,Cpu:1,280,Avx2,,false
1,158,56,1,12564830,1,10,100000,0,0,,Cpu,Cpu:1,290,Avx2,,false
1,159,284,1,12532860,1,10,100000,0,0,,Cpu,Cpu:1,280,Avx2,,false
1,160,113,1,12485851,1,10,100000,0,0,,Cpu,Cpu:1,290,Avx2,,false
1,161,203,1,12454952,1,10,100000,0,0,,Cpu,Cpu:1,331,Avx2,,false
1,162,103,1,12456612,1,10,100000,0,0,,Cpu,Cpu:1,289,Avx2,,false
1,163,316,1,12506101,1,10,100000,0,0,,Cpu,Cpu:1,269,Avx2,,false
1,164,187,1,12500251,1,10,100000,0,0,,Cpu,Cpu:1,410,Avx2,,false
1,165,255,1,12425842,1,10,100000,0,0,,Cpu,Cpu:1,290,Avx2,,false
1,166,481,1,12463812,1,10,100000,0,0,,Cpu,Cpu:1,360,Avx2,,false
1,167,474,1,12407742,1,10,100000,0,0,,Cpu,Cpu:1,280,Avx2,,false
1,168,93,1,12426462,1,10,100000,0,0,,Cpu,Cpu:1,290,Avx2,,false
1,169,44,1,12524371,1,10,100000,0,0,,Cpu,Cpu:1,280,Avx2,,false
1,170,138,1,12506851,1,10,100000,0,0,,Cpu,Cpu:1,280,Avx2,,false
1,171,209,1,12481831,1,10,100000,0,0,,Cpu,Cpu:1,280,Avx2,,false
1,172,136,1,12450882,1,10,100000,0,0,,Cpu,Cpu:1,290,Avx2,,false
1,173,236,1,12455882,1,10,100000,0,0,,Cpu,Cpu:1,290,Avx2,,false
1,174,33,1,12537731,1,10,100000,0,0,,Cpu,Cpu:1,280,Avx2,,false
1,175,199,1,12516111,1,10,100000,0,0,,Cpu,Cpu:1,260,Avx2,,false
1,176,127,1,12459532,1,10,100000,0,0,,Cpu,Cpu:1,291,Avx2,,false
1,177,201,1,12470561,1,10,100000,0,0,,Cpu,Cpu:1,280,Avx2,,false
1,178,173,1,12586820,1,10,100000,0,0,,Cpu,Cpu:1,290,Avx2,,false
1,179,464,1,12509141,1,10,100000,0,0,,Cpu,Cpu:1,300,Avx2,,false
1,180,277,1,12575991,1,10,100000,0,0,,Cpu,Cpu:1,280,Avx2,,false
1,181,427,1,12504261,1,10,100000,0,0,,Cpu,Cpu:1,290,Avx2,,false
1,182,470,1,12445032,1,10,100000,0,0,,Cpu,Cpu:1,280,Avx2,,false
1,183,477,1,12504091,1,10,100000,0,0,,Cpu,Cpu:1,280,Avx2,,false
1,184,288,1,12463221,1,10,100000,0,0,,Cpu,Cpu:1,280,Avx2,,false
1,185,391,1,12459741,1,10,100000,0,0,,Cpu,Cpu:1,280,Avx2,,false
1,186,171,1,12490361,1,10,100000,0,0,,Cpu,Cpu:1,280,Avx2,,false
1,187,283,1,12412312,1,10,100000,0,0,,Cpu,Cpu:1,270,Avx2,,false
1,188,370,1,12476091,1,10,100000,0,0,,Cpu,Cpu:1,280,Avx2,,false
1,189,28,1,12480952,1,10,100000,0,0,,Cpu,Cpu:1,291,Avx2,,false
1,190,414,1,12489941,1,10,100000,0,0,,Cpu,Cpu:1,280,Avx2,,false
1,191,302,1,12529920,1,10,100000,0,0,,Cpu,Cpu:1,270,Avx2,,false
1,192,228,1,12438081,1,10,100000,0,0,,Cpu,Cpu:1,270,Avx2,,false
1,193,154,1,12502841,1,10,100000,0,0,,Cpu,Cpu:1,280,Avx2,,false
1,194,191,1,12547221,1,10,100000,0,0,,Cpu,Cpu:1,280,Avx2,,false
1,195,375,1,12492301,1,10,100000,0,0,,Cpu,Cpu:1,310,Avx2,,false
1,196,390,1,12435822,1,10,100000,0,0,,Cpu,Cpu:1,280,Avx2,,false
1,197,457,1,12458171,1,10,100000,0,0,,Cpu,Cpu:1,250,Avx2,,false
1,198,480,1,12466391,1,10,100000,0,0,,Cpu,Cpu:1,270,Avx2,,false
1,199,245,1,12530970,1,10,100000,0,0,,Cpu,Cpu:1,270,Avx2,,false
1,200,47,1,12465131,1,10,100000,0,0,,Cpu,Cpu:1,290,Avx2,,false
1,201,215,1,12489971,1,10,100000,0,0,,Cpu,Cpu:1,280,Avx2,,false
1,202,327,1,12478992,1,10,100000,0,0,,Cpu,Cpu:1,280,Avx2,,false
1,203,392,1,12514891,1,10,100000,0,0,,Cpu,Cpu:1,290,Avx2,,false
1,204,485,1,12453142,1,10,100000,0,0,,Cpu,Cpu:1,280,Avx2,,false
1,205,231,1,12473392,1,10,100000,0,0,,Cpu,Cpu:1,280,Avx2,,false
1,206,76,1,12509951,1,10,100000,0,0,,Cpu,Cpu:1,280,Avx2,,false
1,207,223,1,12473851,1,10,100000,0,0,,Cpu,Cpu:1,280,Avx2,,false
1,208,5,1,12481421,1,10,100000,0,0,,Cpu,Cpu:1,290,Avx2,,false
1,209,459,1,12454211,1,10,100000,0,0,,Cpu,Cpu:1,290,Avx2,,false
1,210,378,1,12455991,1,10,100000,0,0,,Cpu,Cpu:1,290,Avx2,,false
1,211,142,1,12464981,1,10,100000,0,0,,Cpu,Cpu:1,280,Avx2,,false
1,212,3,1,12410873,1,10,100000,0,0,,Cpu,Cpu:1,280,Avx2,,false
1,213,351,1,12466821,1,10,100000,0,0,,Cpu,Cpu:1,290,Avx2,,false
1,214,26,1,12472811,1,10,100000,0,0,,Cpu,Cpu:1,290,Avx2,,false
1,215,261,1,12448222,1,10,100000,0,0,,Cpu,Cpu:1,280,Avx2,,false
1,216,83,1,12507401,1,10,100000,0,0,,Cpu,Cpu:1,291,Avx2,,false
1,217,350,1,12483231,1,10,100000,0,0,,Cpu,Cpu:1,290,Avx2,,false
1,218,51,1,12509870,1,10,100000,0,0,,Cpu,Cpu:1,290,Avx2,,false
1,219,174,1,12537171,1,10,100000,0,0,,Cpu,Cpu:1,430,Avx2,,false
1,220,276,1,12455622,1,10,100000,0,0,,Cpu,Cpu:1,270,Avx2,,false
1,221,303,1,12506311,1,10,100000,0,0,,Cpu,Cpu:1,290,Avx2,,false
1,222,279,1,12518211,1,10,100000,0,0,,Cpu,Cpu:1,330,Avx2,,false
1,223,257,1,12537140,1,10,100000,0,0,,Cpu,Cpu:1,280,Avx2,,false
1,224,325,1,12518201,1,10,100000,0,0,,Cpu,Cpu:1,460,Avx2,,false
1,225,469,1,12451131,1,10,100000,0,0,,Cpu,Cpu:1,280,Avx2,,false
1,226,15,1,12487691,1,10,100000,0,0,,Cpu,Cpu:1,270,Avx2,,false
1,227,186,1,12512181,1,10,100000,0,0,,Cpu,Cpu:1,280,Avx2,,false
1,228,55,1,12507321,1,10,100000,0,0,,Cpu,Cpu:1,270,Avx2,,false
1,229,321,1,12453922,1,10,100000,0,0,,Cpu,Cpu:1,270,Avx2,,false
1,230,156,1,12479821,1,10,100000,0,0,,Cpu,Cpu:1,270,Avx2,,false
1,231,343,1,12469641,1,10,100000,0,0,,Cpu,Cpu:1,380,Avx2,,false
1,232,165,1,12521510,1,10,100000,0,0,,Cpu,Cpu:1,291,Avx2,,false
1,233,182,1,12511470,1,10,100000,0,0,,Cpu,Cpu:1,270,Avx2,,false
1,234,305,1,12717368,1,10,100000,0,0,,Cpu,Cpu:1,280,Avx2,,false
1,235,355,1,12705639,1,10,100000,0,0,,Cpu,Cpu:1,330,Avx2,,false
1,236,292,1,12684719,1,10,100000,0,0,,Cpu,Cpu:1,310,Avx2,,false
1,237,36,1,12722259,1,10,100000,0,0,,Cpu,Cpu:1,280,Avx2,,false
1,238,105,1,12634620,1,10,100000,0,0,,Cpu,Cpu:1,260,Avx2,,false
1,239,385,1,12646950,1,10,100000,0,0,,Cpu,Cpu:1,289,Avx2,,false
1,240,19,1,12715139,1,10,100000,0,0,,Cpu,Cpu:1,270,Avx2,,false
1,241,329,1,12709769,1,10,100000,0,0,,Cpu,Cpu:1,390,Avx2,,false
1,242,17,1,12784778,1,10,100000,0,0,,Cpu,Cpu:1,290,Avx2,,false
1,243,332,1,12660299,1,10,100000,0,0,,Cpu,Cpu:1,250,Avx2,,false
1,244,389,1,12643190,1,10,100000,0,0,,Cpu,Cpu:1,260,Avx2,,false
1,245,271,1,12632009,1,10,100000,0,0,,Cpu,Cpu:1,270,Avx2,,false
1,246,65,1,12737348,1,10,100000,0,0,,Cpu,Cpu:1,280,Avx2,,false
1,247,262,1,12669009,1,10,100000,0,0,,Cpu,Cpu:1,280,Avx2,,false
1,248,344,1,12609679,1,10,100000,0,0,,Cpu,Cpu:1,271,Avx2,,false
1,249,72,1,12671859,1,10,100000,0,0,,Cpu,Cpu:1,290,Avx2,,false
1,250,499,1,12650360,1,10,100000,0,0,,Cpu,Cpu:1,290,Avx2,,false
1,251,94,1,12677089,1,10,100000,0,0,,Cpu,Cpu:1,330,Avx2,,false
1,252,193,1,12619530,1,10,100000,0,0,,Cpu,Cpu:1,280,Avx2,,false
1,253,220,1,12618510,1,10,100000,0,0,,Cpu,Cpu:1,380,Avx2,,false
1,254,32,1,12677219,1,10,100000,0,0,,Cpu,Cpu:1,280,Avx2,,false
1,255,383,1,12647549,1,10,100000,0,0,,Cpu,Cpu:1,290,Avx2,,false
1,256,353,1,12658419,1,10,100000,0,0,,Cpu,Cpu:1,290,Avx2,,false
1,257,280,1,12699318,1,10,100000,0,0,,Cpu,Cpu:1,280,Avx2,,false
1,258,408,1,12681349,1,10,100000,0,0,,Cpu,Cpu:1,280,Avx2,,false
1,259,339,1,12792617,1,10,100000,0,0,,Cpu,Cpu:1,280,Avx2,,false
1,260,232,1,12670748,1,10,100000,0,0,,Cpu,Cpu:1,260,Avx2,,false
1,261,345,1,12668069,1,10,100000,0,0,,Cpu,Cpu:1,240,Avx2,,false
1,262,476,1,12670309,1,10,100000,0,0,,Cpu,Cpu:1,360,Avx2,,false
1,263,146,1,12639130,1,10,100000,0,0,,Cpu,Cpu:1,400,Avx2,,false
1,264,384,1,12681979,1,10,100000,0,0,,Cpu,Cpu:1,250,Avx2,,false
1,265,413,1,12732518,1,10,100000,0,0,,Cpu,Cpu:1,280,Avx2,,false
1,266,166,1,12684308,1,10,100000,0,0,,Cpu,Cpu:1,280,Avx2,,false
1,267,310,1,12621459,1,10,100000,0,0,,Cpu,Cpu:1,280,Avx2,,false
1,268,25,1,12693919,1,10,100000,0,0,,Cpu,Cpu:1,280,Avx2,,false
1,269,172,1,12666599,1,10,100000,0,0,,Cpu,Cpu:1,270,Avx2,,false
1,270,366,1,12670159,1,10,100000,0,0,,Cpu,Cpu:1,280,Avx2,,false
1,271,300,1,12707839,1,10,100000,0,0,,Cpu,Cpu:1,330,Avx2,,false
1,272,240,1,12683029,1,10,100000,0,0,,Cpu,Cpu:1,300,Avx2,,false
1,273,114,1,12703969,1,10,100000,0,0,,Cpu,Cpu:1,290,Avx2,,false
1,274,135,1,12682119,1,10,100000,0,0,,Cpu,Cpu:1,410,Avx2,,false
1,275,349,1,12683489,1,10,100000,0,0,,Cpu,Cpu:1,450,Avx2,,false
1,276,364,1,12697058,1,10,100000,0,0,,Cpu,Cpu:1,400,Avx2,,false
1,277,466,1,12655399,1,10,100000,0,0,,Cpu,Cpu:1,300,Avx2,,false
1,278,181,1,12652759,1,10,100000,0,0,,Cpu,Cpu:1,280,Avx2,,false
1,279,295,1,12692998,1,10,100000,0,0,,Cpu,Cpu:1,280,Avx2,,false
1,280,323,1,12745948,1,10,100000,0,0,,Cpu,Cpu:1,280,Avx2,,false
1,281,493,1,12734799,1,10,100000,0,0,,Cpu,Cpu:1,280,Avx2,,false
1,282,7,1,12655030,1,10,100000,0,0,,Cpu,Cpu:1,280,Avx2,,false
1,283,365,1,12670879,1,10,100000,0,0,,Cpu,Cpu:1,280,Avx2,,false
1,284,179,1,12703968,1,10,100000,0,0,,Cpu,Cpu:1,289,Avx2,,false
1,285,200,1,12635239,1,10,100000,0,0,,Cpu,Cpu:1,270,Avx2,,false
1,286,0,1,12635359,1,10,100000,0,0,,Cpu,Cpu:1,270,Avx2,,false
1,287,486,1,12649229,1,10,100000,0,0,,Cpu,Cpu:1,300,Avx2,,false
1,288,275,1,12662159,1,10,100000,0,0,,Cpu,Cpu:1,280,Avx2,,false
1,289,432,1,12736258,1,10,100000,0,0,,Cpu,Cpu:1,270,Avx2,,false
1,290,388,1,12738258,1,10,100000,0,0,,Cpu,Cpu:1,300,Avx2,,false
1,291,420,1,12656049,1,10,100000,0,0,,Cpu,Cpu:1,271,Avx2,,false
1,292,452,1,12661099,1,10,100000,0,0,,Cpu,Cpu:1,270,Avx2,,false
1,293,14,1,12697339,1,10,100000,0,0,,Cpu,Cpu:1,300,Avx2,,false
1,294,137,1,12656209,1,10,100000,0,0,,Cpu,Cpu:1,380,Avx2,,false
1,295,266,1,12667799,1,10,100000,0,0,,Cpu,Cpu:1,480,Avx2,,false
1,296,258,1,12655630,1,10,100000,0,0,,Cpu,Cpu:1,300,Avx2,,false
1,297,333,1,12677849,1,10,100000,0,0,,Cpu,Cpu:1,280,Avx2,,false
1,298,313,1,12631239,1,10,100000,0,0,,Cpu,Cpu:1,290,Avx2,,false
1,299,319,1,12687108,1,10,100000,0,0,,Cpu,Cpu:1,280,Avx2,,false
1,300,273,1,12707249,1,10,100000,0,0,,Cpu,Cpu:1,280,Avx2,,false
1,301,309,1,12636179,1,10,100000,0,0,,Cpu,Cpu:1,290,Avx2,,false
1,302,287,1,12669939,1,10,100000,0,0,,Cpu,Cpu:1,280,Avx2,,false
1,303,447,1,12718148,1,10,100000,0,0,,Cpu,Cpu:1,280,Avx2,,false
1,304,219,1,12723068,1,10,100000,0,0,,Cpu,Cpu:1,360,Avx2,,false
1,305,482,1,12657549,1,10,100000,0,0,,Cpu,Cpu:1,280,Avx2,,false
1,306,326,1,12646280,1,10,100000,0,0,,Cpu,Cpu:1,270,Avx2,,false
1,307,425,1,12667619,1,10,100000,0,0,,Cpu,Cpu:1,270,Avx2,,false
1,308,484,1,12701029,1,10,100000,0,0,,Cpu,Cpu:1,280,Avx2,,false
1,309,268,1,12622749,1,10,100000,0,0,,Cpu,Cpu:1,280,Avx2,,false
1,310,373,1,12624030,1,10,100000,0,0,,Cpu,Cpu:1,280,Avx2,,false
1,311,404,1,12692069,1,10,100000,0,0,,Cpu,Cpu:1,280,Avx2,,false
1,312,374,1,12701929,1,10,100000,0,0,,Cpu,Cpu:1,270,Avx2,,false
1,313,88,1,12667099,1,10,100000,0,0,,Cpu,Cpu:1,280,Avx2,,false
1,314,328,1,12663369,1,10,100000,0,0,,Cpu,Cpu:1,280,Avx2,,false
1,315,335,1,12682388,1,10,100000,0,0,,Cpu,Cpu:1,290,Avx2,,false
1,316,360,1,12676959,1,10,100000,0,0,,Cpu,Cpu:1,270,Avx2,,false
1,317,320,1,12700329,1,10,100000,0,0,,Cpu,Cpu:1,280,Avx2,,false
1,318,444,1,12676579,1,10,100000,0,0,,Cpu,Cpu:1,280,Avx2,,false
1,319,415,1,12678519,1,10,100000,0,0,,Cpu,Cpu:1,270,Avx2,,false
1,320,96,1,12670609,1,10,100000,0,0,,Cpu,Cpu:1,280,Avx2,,false
1,321,230,1,12671709,1,10,100000,0,0,,Cpu,Cpu:1,270,Avx2,,false
1,322,152,1,12640059,1,10,100000,0,0,,Cpu,Cpu:1,270,Avx2,,false
1,323,387,1,12702828,1,10,100000,0,0,,Cpu,Cpu:1,300,Avx2,,false
1,324,148,1,12698719,1,10,100000,0,0,,Cpu,Cpu:1,250,Avx2,,false
1,325,341,1,12659649,1,10,100000,0,0,,Cpu,Cpu:1,280,Avx2,,false
1,326,119,1,12650999,1,10,100000,0,0,,Cpu,Cpu:1,290,Avx2,,false
1,327,411,1,12696149,1,10,100000,0,0,,Cpu,Cpu:1,280,Avx2,,false
1,328,250,1,12774518,1,10,100000,0,0,,Cpu,Cpu:1,470,Avx2,,false
1,329,296,1,12670729,1,10,100000,0,0,,Cpu,Cpu:1,280,Avx2,,false
1,330,133,1,12665179,1,10,100000,0,0,,Cpu,Cpu:1,270,Avx2,,false
1,331,74,1,12654230,1,10,100000,0,0,,Cpu,Cpu:1,280,Avx2,,false
1,332,289,1,12690329,1,10,100000,0,0,,Cpu,Cpu:1,290,Avx2,,false
1,333,468,1,12694039,1,10,100000,0,0,,Cpu,Cpu:1,280,Avx2,,false
1,334,48,1,12651829,1,10,100000,0,0,,Cpu,Cpu:1,280,Avx2,,false
1,335,410,1,12646019,1,10,100000,0,0,,Cpu,Cpu:1,510,Avx2,,false
1,336,445,1,12901416,1,10,100000,0,0,,Cpu,Cpu:1,290,Avx2,,false
1,337,218,1,13826596,1,10,100000,0,0,,Cpu,Cpu:1,290,Avx2,,false
1,338,317,1,12946486,1,10,100000,0,0,,Cpu,Cpu:1,670,Avx2,,false
1,339,78,1,12813768,1,10,100000,0,0,,Cpu,Cpu:1,590,Avx2,,false
1,340,212,1,12973835,1,10,100000,0,0,,Cpu,Cpu:1,460,Avx2,,false
1,341,270,1,12953236,1,10,100000,0,0,,Cpu,Cpu:1,300,Avx2,,false
1,342,347,1,12684168,1,10,100000,0,0,,Cpu,Cpu:1,280,Avx2,,false
1,343,122,1,12649089,1,10,100000,0,0,,Cpu,Cpu:1,290,Avx2,,false
1,344,81,1,13208382,1,10,100000,0,0,,Cpu,Cpu:1,280,Avx2,,false
1,345,308,1,14396060,1,10,100000,0,0,,Cpu,Cpu:1,450,Avx2,,false
1,346,71,1,12944536,1,10,100000,0,0,,Cpu,Cpu:1,470,Avx2,,false
1,347,42,1,12672799,1,10,100000,0,0,,Cpu,Cpu:1,280,Avx2,,false
1,348,211,1,12686089,1,10,100000,0,0,,Cpu,Cpu:1,280,Avx2,,false
1,349,397,1,12686528,1,10,100000,0,0,,Cpu,Cpu:1,280,Avx2,,false
1,350,315,1,12673549,1,10,100000,0,0,,Cpu,Cpu:1,400,Avx2,,false
1,351,194,1,12724068,1,10,100000,0,0,,Cpu,Cpu:1,269,Avx2,,false
1,352,233,1,12645090,1,10,100000,0,0,,Cpu,Cpu:1,260,Avx2,,false
1,353,106,1,12701999,1,10,100000,0,0,,Cpu,Cpu:1,290,Avx2,,false
1,354,62,1,12655720,1,10,100000,0,0,,Cpu,Cpu:1,300,Avx2,,false
1,355,371,1,12682039,1,10,100000,0,0,,Cpu,Cpu:1,280,Avx2,,false
1,356,91,1,12684728,1,10,100000,0,0,,Cpu,Cpu:1,291,Avx2,,false
1,357,497,1,12657939,1,10,100000,0,0,,Cpu,Cpu:1,280,Avx2,,false
1,358,129,1,12704068,1,10,100000,0,0,,Cpu,Cpu:1,280,Avx2,,false
1,359,202,1,12705178,1,10,100000,0,0,,Cpu,Cpu:1,290,Avx2,,false
1,360,235,1,12714738,1,10,100000,0,0,,Cpu,Cpu:1,290,Avx2,,false
1,361,495,1,12645049,1,10,100000,0,0,,Cpu,Cpu:1,280,Avx2,,false
1,362,49,1,12670489,1,10,100000,0,0,,Cpu,Cpu:1,290,Avx2,,false
1,363,358,1,12672079,1,10,100000,0,0,,Cpu,Cpu:1,280,Avx2,,false
1,364,367,1,12634569,1,10,100000,0,0,,Cpu,Cpu:1,290,Avx2,,false
1,365,86,1,12739448,1,10,100000,0,0,,Cpu,Cpu:1,270,Avx2,,false
1,366,85,1,12644269,1,10,100000,0,0,,Cpu,Cpu:1,260,Avx2,,false
1,367,242,1,12687109,1,10,100000,0,0,,Cpu,Cpu:1,290,Avx2,,false
1,368,69,1,12685178,1,10,100000,0,0,,Cpu,Cpu:1,520,Avx2,,false
1,369,140,1,12624330,1,10,100000,0,0,,Cpu,Cpu:1,270,Avx2,,false
1,370,43,1,12712319,1,10,100000,0,0,,Cpu,Cpu:1,290,Avx2,,false
1,371,403,1,12627150,1,10,100000,0,0,,Cpu,Cpu:1,290,Avx2,,false
1,372,101,1,12665929,1,10,100000,0,0,,Cpu,Cpu:1,270,Avx2,,false
1,373,443,1,12633149,1,10,100000,0,0,,Cpu,Cpu:1,350,Avx2,,false
1,374,239,1,12651719,1,10,100000,0,0,,Cpu,Cpu:1,280,Avx2,,false
1,375,399,1,12687349,1,10,100000,0,0,,Cpu,Cpu:1,529,Avx2,,false
1,376,428,1,12604989,1,10,100000,0,0,,Cpu,Cpu:1,290,Avx2,,false
1,377,416,1,12628200,1,10,100000,0,0,,Cpu,Cpu:1,280,Avx2,,false
1,378,213,1,12619060,1,10,100000,0,0,,Cpu,Cpu:1,280,Avx2,,false
1,379,278,1,12704079,1,10,100000,0,0,,Cpu,Cpu:1,260,Avx2,,false
1,380,132,1,12703379,1,10,100000,0,0,,Cpu,Cpu:1,280,Avx2,,false
1,381,46,1,12689528,1,10,100000,0,0,,Cpu,Cpu:1,280,Avx2,,false
1,382,141,1,12665299,1,10,100000,0,0,,Cpu,Cpu:1,280,Avx2,,false
1,383,162,1,12693458,1,10,100000,0,0,,Cpu,Cpu:1,280,Avx2,,false
1,384,381,1,12753828,1,10,100000,0,0,,Cpu,Cpu:1,290,Avx2,,false
1,385,496,1,12689159,1,10,100000,0,0,,Cpu,Cpu:1,300,Avx2,,false
1,386,8,1,12681719,1,10,100000,0,0,,Cpu,Cpu:1,271,Avx2,,false
1,387,438,1,12665379,1,10,100000,0,0,,Cpu,Cpu:1,420,Avx2,,false
1,388,180,1,12647279,1,10,100000,0,0,,Cpu,Cpu:1,280,Avx2,,false
1,389,144,1,12776667,1,10,100000,0,0,,Cpu,Cpu:1,280,Avx2,,false
1,390,340,1,12634299,1,10,100000,0,0,,Cpu,Cpu:1,290,Avx2,,false
1,391,395,1,12718778,1,10,100000,0,0,,Cpu,Cpu:1,250,Avx2,,false
1,392,331,1,12659939,1,10,100000,0,0,,Cpu,Cpu:1,290,Avx2,,false
1,393,456,1,12665199,1,10,100000,0,0,,Cpu,Cpu:1,291,Avx2,,false
1,394,208,1,12671599,1,10,100000,0,0,,Cpu,Cpu:1,290,Avx2,,false
1,395,298,1,12717718,1,10,100000,0,0,,Cpu,Cpu:1,289,Avx2,,false
1,396,20,1,12697978,1,10,100000,0,0,,Cpu,Cpu:1,499,Avx2,,false
1,397,70,1,12654849,1,10,100000,0,0,,Cpu,Cpu:1,280,Avx2,,false
1,398,269,1,12698048,1,10,100000,0,0,,Cpu,Cpu:1,351,Avx2,,false
1,399,178,1,12698128,1,10,100000,0,0,,Cpu,Cpu:1,270,Avx2,,false
1,400,175,1,12676229,1,10,100000,0,0,,Cpu,Cpu:1,410,Avx2,,false
1,401,100,1,12666268,1,10,100000,0,0,,Cpu,Cpu:1,300,Avx2,,false
1,402,112,1,12652439,1,10,100000,0,0,,Cpu,Cpu:1,280,Avx2,,false
1,403,214,1,12764098,1,10,100000,0,0,,Cpu,Cpu:1,320,Avx2,,false
1,404,406,1,12678139,1,10,100000,0,0,,Cpu,Cpu:1,300,Avx2,,false
1,405,324,1,12699178,1,10,100000,0,0,,Cpu,Cpu:1,300,Avx2,,false
1,406,435,1,12670869,1,10,100000,0,0,,Cpu,Cpu:1,460,Avx2,,false
1,407,431,1,12624990,1,10,100000,0,0,,Cpu,Cpu:1,300,Avx2,,false
1,408,337,1,12618890,1,10,100000,0,0,,Cpu,Cpu:1,400,Avx2,,false
1,409,238,1,12648730,1,10,100000,0,0,,Cpu,Cpu:1,400,Avx2,,false
1,410,82,1,12676199,1,10,100000,0,0,,Cpu,Cpu:1,370,Avx2,,false
1,411,421,1,12629589,1,10,100000,0,0,,Cpu,Cpu:1,270,Avx2,,false
1,412,417,1,12662439,1,10,100000,0,0,,Cpu,Cpu:1,310,Avx2,,false
1,413,439,1,12712379,1,10,100000,0,0,,Cpu,Cpu:1,280,Avx2,,false
1,414,487,1,12686839,1,10,100000,0,0,,Cpu,Cpu:1,290,Avx2,,false
1,415,226,1,12698408,1,10,100000,0,0,,Cpu,Cpu:1,290,Avx2,,false
1,416,216,1,12651419,1,10,100000,0,0,,Cpu,Cpu:1,280,Avx2,,false
1,417,419,1,12659319,1,10,100000,0,0,,Cpu,Cpu:1,280,Avx2,,false
1,418,159,1,12647250,1,10,100000,0,0,,Cpu,Cpu:1,390,Avx2,,false
1,419,458,1,12709579,1,10,100000,0,0,,Cpu,Cpu:1,270,Avx2,,false
1,420,449,1,12663629,1,10,100000,0,0,,Cpu,Cpu:1,270,Avx2,,false
1,421,2,1,12684159,1,10,100000,0,0,,Cpu,Cpu:1,280,Avx2,,false
1,422,89,1,12710589,1,10,100000,0,0,,Cpu,Cpu:1,290,Avx2,,false
1,423,290,1,12656979,1,10,100000,0,0,,Cpu,Cpu:1,300,Avx2,,false
1,424,285,1,12682539,1,10,100000,0,0,,Cpu,Cpu:1,300,Avx2,,false
1,425,489,1,12613930,1,10,100000,0,0,,Cpu,Cpu:1,380,Avx2,,false
1,426,286,1,12668400,1,10,100000,0,0,,Cpu,Cpu:1,300,Avx2,,false
1,427,58,1,12731279,1,10,100000,0,0,,Cpu,Cpu:1,270,Avx2,,false
1,428,145,1,12829467,1,10,100000,0,0,,Cpu,Cpu:1,270,Avx2,,false
1,429,461,1,12831417,1,10,100000,0,0,,Cpu,Cpu:1,280,Avx2,,false
1,430,297,1,12787038,1,10,100000,0,0,,Cpu,Cpu:1,269,Avx2,,false
1,431,463,1,12986965,1,10,100000,0,0,,Cpu,Cpu:1,290,Avx2,,false
1,432,66,1,12934576,1,10,100000,0,0,,Cpu,Cpu:1,250,Avx2,,false
1,433,338,1,12936045,1,10,100000,0,0,,Cpu,Cpu:1,260,Avx2,,false
1,434,259,1,12867987,1,10,100000,0,0,,Cpu,Cpu:1,300,Avx2,,false
1,435,483,1,12752918,1,10,100000,0,0,,Cpu,Cpu:1,290,Avx2,,false
1,436,405,1,12841237,1,10,100000,0,0,,Cpu,Cpu:1,270,Avx2,,false
1,437,426,1,12842737,1,10,100000,0,0,,Cpu,Cpu:1,291,Avx2,,false
1,438,130,1,12807548,1,10,100000,0,0,,Cpu,Cpu:1,310,Avx2,,false
1,439,234,1,12775658,1,10,100000,0,0,,Cpu,Cpu:1,280,Avx2,,false
1,440,301,1,12758998,1,10,100000,0,0,,Cpu,Cpu:1,280,Avx2,,false
1,441,436,1,12747308,1,10,100000,0,0,,Cpu,Cpu:1,340,Avx2,,false
1,442,167,1,12807117,1,10,100000,0,0,,Cpu,Cpu:1,290,Avx2,,false
1,443,110,1,12798537,1,10,100000,0,0,,Cpu,Cpu:1,270,Avx2,,false
1,444,249,1,12790888,1,10,100000,0,0,,Cpu,Cpu:1,290,Avx2,,false
1,445,322,1,12858917,1,10,100000,0,0,,Cpu,Cpu:1,270,Avx2,,false
1,446,120,1,13004466,1,10,100000,0,0,,Cpu,Cpu:1,280,Avx2,,false
1,447,479,1,13300282,1,10,100000,0,0,,Cpu,Cpu:1,290,Avx2,,false
1,448,246,1,13070944,1,10,100000,0,0,,Cpu,Cpu:1,560,Avx2,,false
1,449,222,1,13023045,1,10,100000,0,0,,Cpu,Cpu:1,310,Avx2,,false
1,450,251,1,12972035,1,10,100000,0,0,,Cpu,Cpu:1,280,Avx2,,false
1,451,491,1,13153283,1,10,100000,0,0,,Cpu,Cpu:1,610,Avx2,,false
1,452,423,1,12958916,1,10,100000,0,0,,Cpu,Cpu:1,290,Avx2,,false
1,453,362,1,12676719,1,10,100000,0,0,,Cpu,Cpu:1,690,Avx2,,false
1,454,34,1,12699388,1,10,100000,0,0,,Cpu,Cpu:1,300,Avx2,,false
1,455,442,1,12717518,1,10,100000,0,0,,Cpu,Cpu:1,360,Avx2,,false
1,456,475,1,12868987,1,10,100000,0,0,,Cpu,Cpu:1,260,Avx2,,false
1,457,192,1,12860357,1,10,100000,0,0,,Cpu,Cpu:1,470,Avx2,,false
1,458,10,1,12637260,1,10,100000,0,0,,Cpu,Cpu:1,290,Avx2,,false
1,459,118,1,12724099,1,10,100000,0,0,,Cpu,Cpu:1,290,Avx2,,false
1,460,97,1,12811518,1,10,100000,0,0,,Cpu,Cpu:1,550,Avx2,,false
1,461,304,1,12946866,1,10,100000,0,0,,Cpu,Cpu:1,300,Avx2,,false
1,462,149,1,12707628,1,10,100000,0,0,,Cpu,Cpu:1,431,Avx2,,false
1,463,386,1,12650659,1,10,100000,0,0,,Cpu,Cpu:1,290,Avx2,,false
1,464,243,1,12756087,1,10,100000,0,0,,Cpu,Cpu:1,291,Avx2,,false
1,465,18,1,12897857,1,10,100000,0,0,,Cpu,Cpu:1,460,Avx2,,false
1,466,54,1,13244723,1,10,100000,0,0,,Cpu,Cpu:1,300,Avx2,,false
1,467,471,1,12681879,1,10,100000,0,0,,Cpu,Cpu:1,380,Avx2,,false
1,468,409,1,12694858,1,10,100000,0,0,,Cpu,Cpu:1,520,Avx2,,false
1,469,24,1,12751648,1,10,100000,0,0,,Cpu,Cpu:1,270,Avx2,,false
1,470,84,1,12722279,1,10,100000,0,0,,Cpu,Cpu:1,260,Avx2,,false
1,471,306,1,12809268,1,10,100000,0,0,,Cpu,Cpu:1,360,Avx2,,false
1,472,217,1,12639989,1,10,100000,0,0,,Cpu,Cpu:1,560,Avx2,,false
1,473,380,1,12767468,1,10,100000,0,0,,Cpu,Cpu:1,390,Avx2,,false
1,474,311,1,12781128,1,10,100000,0,0,,Cpu,Cpu:1,340,Avx2,,false
1,475,170,1,12795668,1,10,100000,0,0,,Cpu,Cpu:1,290,Avx2,,false
1,476,299,1,12815627,1,10,100000,0,0,,Cpu,Cpu:1,280,Avx2,,false
1,477,312,1,12666469,1,10,100000,0,0,,Cpu,Cpu:1,430,Avx2,,false
1,478,184,1,12802168,1,10,100000,0,0,,Cpu,Cpu:1,270,Avx2,,false
1,479,98,1,12793988,1,10,100000,0,0,,Cpu,Cpu:1,300,Avx2,,false
1,480,369,1,12718609,1,10,100000,0,0,,Cpu,Cpu:1,280,Avx2,,false
1,481,108,1,12708898,1,10,100000,0,0,,Cpu,Cpu:1,291,Avx2,,false
1,482,494,1,12741829,1,10,100000,0,0,,Cpu,Cpu:1,369,Avx2,,false
1,483,210,1,12824247,1,10,100000,0,0,,Cpu,Cpu:1,270,Avx2,,false
1,484,263,1,12734669,1,10,100000,0,0,,Cpu,Cpu:1,280,Avx2,,false
1,485,150,1,12797408,1,10,100000,0,0,,Cpu,Cpu:1,290,Avx2,,false
1,486,454,1,12716898,1,10,100000,0,0,,Cpu,Cpu:1,420,Avx2,,false
1,487,90,1,12717098,1,10,100000,0,0,,Cpu,Cpu:1,250,Avx2,,false
1,488,451,1,12670129,1,10,100000,0,0,,Cpu,Cpu:1,270,Avx2,,false
1,489,274,1,12668759,1,10,100000,0,0,,Cpu,Cpu:1,290,Avx2,,false
1,490,169,1,12777678,1,10,100000,0,0,,Cpu,Cpu:1,280,Avx2,,false
1,491,398,1,12706929,1,10,100000,0,0,,Cpu,Cpu:1,680,Avx2,,false
1,492,453,1,12724548,1,10,100000,0,0,,Cpu,Cpu:1,400,Avx2,,false
1,493,64,1,12692919,1,10,100000,0,0,,Cpu,Cpu:1,289,Avx2,,false
1,494,22,1,12681059,1,10,100000,0,0,,Cpu,Cpu:1,280,Avx2,,false
1,495,354,1,13058075,1,10,100000,0,0,,Cpu,Cpu:1,280,Avx2,,false
1,496,465,1,12677878,1,10,100000,0,0,,Cpu,Cpu:1,291,Avx2,,false
1,497,348,1,12700269,1,10,100000,0,0,,Cpu,Cpu:1,290,Avx2,,false
1,498,437,1,12621370,1,10,100000,0,0,,Cpu,Cpu:1,290,Avx2,,false
1,499,498,1,12903037,1,10,100000,0,0,,Cpu,Cpu:1,300,Avx2,,false
2,0,256,1,12957285,1,10,100000,0,0,,Cpu,Cpu:1,300,Avx2,,false
2,1,358,1,12708039,1,10,100000,0,0,,Cpu,Cpu:1,430,Avx2,,false
2,2,134,1,12742748,1,10,100000,0,0,,Cpu,Cpu:1,440,Avx2,,false
2,3,48,1,12682089,1,10,100000,0,0,,Cpu,Cpu:1,280,Avx2,,false
2,4,22,1,12761398,1,10,100000,0,0,,Cpu,Cpu:1,290,Avx2,,false
2,5,52,1,12634579,1,10,100000,0,0,,Cpu,Cpu:1,290,Avx2,,false
2,6,132,1,12678079,1,10,100000,0,0,,Cpu,Cpu:1,270,Avx2,,false
2,7,320,1,12705969,1,10,100000,0,0,,Cpu,Cpu:1,290,Avx2,,false
2,8,268,1,12885377,1,10,100000,0,0,,Cpu,Cpu:1,350,Avx2,,false
2,9,189,1,12803078,1,10,100000,0,0,,Cpu,Cpu:1,310,Avx2,,false
2,10,329,1,12643620,1,10,100000,0,0,,Cpu,Cpu:1,569,Avx2,,false
2,11,281,1,12660959,1,10,100000,0,0,,Cpu,Cpu:1,290,Avx2,,false
2,12,313,1,12645019,1,10,100000,0,0,,Cpu,Cpu:1,390,Avx2,,false
2,13,204,1,12671679,1,10,100000,0,0,,Cpu,Cpu:1,280,Avx2,,false
2,14,90,1,12761628,1,10,100000,0,0,,Cpu,Cpu:1,270,Avx2,,false
2,15,26,1,12656919,1,10,100000,0,0,,Cpu,Cpu:1,650,Avx2,,false
2,16,406,1,12689038,1,10,100000,0,0,,Cpu,Cpu:1,280,Avx2,,false
2,17,154,1,12668709,1,10,100000,0,0,,Cpu,Cpu:1,500,Avx2,,false
2,18,42,1,12720919,1,10,100000,0,0,,Cpu,Cpu:1,290,Avx2,,false
2,19,432,1,12688579,1,10,100000,0,0,,Cpu,Cpu:1,440,Avx2,,false
2,20,14,1,12678228,1,10,100000,0,0,,Cpu,Cpu:1,300,Avx2,,false
2,21,484,1,12635540,1,10,100000,0,0,,Cpu,Cpu:1,280,Avx2,,false
2,22,62,1,12660029,1,10,100000,0,0,,Cpu,Cpu:1,280,Avx2,,false
2,23,226,1,12837977,1,10,100000,0,0,,Cpu,Cpu:1,280,Avx2,,false
2,24,254,1,12728379,1,10,100000,0,0,,Cpu,Cpu:1,430,Avx2,,false
2,25,466,1,12701359,1,10,100000,0,0,,Cpu,Cpu:1,300,Avx2,,false
2,26,16,1,12715719,1,10,100000,0,0,,Cpu,Cpu:1,300,Avx2,,false
2,27,66,1,12636220,1,10,100000,0,0,,Cpu,Cpu:1,390,Avx2,,false
2,28,462,1,12823738,1,10,100000,0,0,,Cpu,Cpu:1,270,Avx2,,false
2,29,180,1,12626839,1,10,100000,0,0,,Cpu,Cpu:1,560,Avx2,,false
2,30,344,1,14533739,1,10,100000,0,0,,Cpu,Cpu:1,280,Avx2,,false
2,31,168,1,14462999,1,10,100000,0,0,,Cpu,Cpu:1,871,Avx2,,false
2,32,496,1,13050955,1,10,100000,0,0,,Cpu,Cpu:1,280,Avx2,,false
2,33,314,1,13025535,1,10,100000,0,0,,Cpu,Cpu:1,310,Avx2,,false
2,34,190,1,13043895,1,10,100000,0,0,,Cpu,Cpu:1,280,Avx2,,false
2,35,246,1,13059805,1,10,100000,0,0,,Cpu,Cpu:1,300,Avx2,,false
2,36,448,1,15211071,1,10,100000,0,0,,Cpu,Cpu:1,290,Avx2,,false
2,37,257,1,12988685,1,10,100000,0,0,,Cpu,Cpu:1,350,Avx2,,false
2,38,436,1,12930157,1,10,100000,0,0,,Cpu,Cpu:1,280,Avx2,,false
2,39,40,1,12972876,1,10,100000,0,0,,Cpu,Cpu:1,280,Avx2,,false
2,40,161,1,12883227,1,10,100000,0,0,,Cpu,Cpu:1,249,Avx2,,false
2,41,56,1,12916776,1,10,100000,0,0,,Cpu,Cpu:1,250,Avx2,,false
2,42,140,1,12919216,1,10,100000,0,0,,Cpu,Cpu:1,251,Avx2,,false
2,43,225,1,12848597,1,10,100000,0,0,,Cpu,Cpu:1,260,Avx2,,false
2,44,96,1,12926616,1,10,100000,0,0,,Cpu,Cpu:1,270,Avx2,,false
2,45,388,1,12943246,1,10,100000,0,0,,Cpu,Cpu:1,270,Avx2,,false
2,46,342,1,12869836,1,10,100000,0,0,,Cpu,Cpu:1,260,Avx2,,false
2,47,114,1,12960816,1,10,100000,0,0,,Cpu,Cpu:1,260,Avx2,,false
2,48,30,1,12916057,1,10,100000,0,0,,Cpu,Cpu:1,250,Avx2,,false
2,49,152,1,13150694,1,10,100000,0,0,,Cpu,Cpu:1,260,Avx2,,false
2,50,50,1,13322182,1,10,100000,0,0,,Cpu,Cpu:1,290,Avx2,,false
2,51,488,1,13324042,1,10,100000,0,0,,Cpu,Cpu:1,280,Avx2,,false
2,52,1,1,13991294,1,10,100000,0,0,,Cpu,Cpu:1,1080,Avx2,,false
2,53,284,1,12947756,1,10,100000,0,0,,Cpu,Cpu:1,290,Avx2,,false
2,54,444,1,12936246,1,10,100000,0,0,,Cpu,Cpu:1,290,Avx2,,false
2,55,498,1,12796048,1,10,100000,0,0,,Cpu,Cpu:1,300,Avx2,,false
2,56,248,1,12898717,1,10,100000,0,0,,Cpu,Cpu:1,270,Avx2,,false
2,57,129,1,12964446,1,10,100000,0,0,,Cpu,Cpu:1,290,Avx2,,false
2,58,214,1,12977415,1,10,100000,0,0,,Cpu,Cpu:1,280,Avx2,,false
2,59,293,1,13926415,1,10,100000,0,0,,Cpu,Cpu:1,280,Avx2,,false
2,60,8,1,14417030,1,10,100000,0,0,,Cpu,Cpu:1,290,Avx2,,false
2,61,78,1,13413001,1,10,100000,0,0,,Cpu,Cpu:1,290,Avx2,,false
2,62,196,1,12989116,1,10,100000,0,0,,Cpu,Cpu:1,289,Avx2,,false
2,63,460,1,12994016,1,10,100000,0,0,,Cpu,Cpu:1,480,Avx2,,false
2,64,472,1,13011385,1,10,100000,0,0,,Cpu,Cpu:1,360,Avx2,,false
2,65,350,1,12989166,1,10,100000,0,0,,Cpu,Cpu:1,270,Avx2,,false
2,66,51,1,13060925,1,10,100000,0,0,,Cpu,Cpu:1,300,Avx2,,false
2,67,163,1,12996266,1,10,100000,0,0,,Cpu,Cpu:1,290,Avx2,,false
2,68,208,1,13009225,1,10,100000,0,0,,Cpu,Cpu:1,270,Avx2,,false
2,69,82,1,13019685,1,10,100000,0,0,,Cpu,Cpu:1,250,Avx2,,false
2,70,6,1,12983845,1,10,100000,0,0,,Cpu,Cpu:1,271,Avx2,,false
2,71,372,1,12992126,1,10,100000,0,0,,Cpu,Cpu:1,269,Avx2,,false
2,72,61,1,12974955,1,10,100000,0,0,,Cpu,Cpu:1,279,Avx2,,false
2,73,249,1,12997486,1,10,100000,0,0,,Cpu,Cpu:1,260,Avx2,,false
2,74,382,1,12916967,1,10,100000,0,0,,Cpu,Cpu:1,250,Avx2,,false
2,75,221,1,12916427,1,10,100000,0,0,,Cpu,Cpu:1,280,Avx2,,false
2,76,452,1,12918436,1,10,100000,0,0,,Cpu,Cpu:1,260,Avx2,,false
2,77,100,1,12983296,1,10,100000,0,0,,Cpu,Cpu:1,420,Avx2,,false
2,78,198,1,12898576,1,10,100000,0,0,,Cpu,Cpu:1,291,Avx2,,false
2,79,193,1,12927187,1,10,100000,0,0,,Cpu,Cpu:1,269,Avx2,,false
2,80,418,1,12987076,1,10,100000,0,0,,Cpu,Cpu:1,170,Avx2,,false
2,81,243,1,12907196,1,10,100000,0,0,,Cpu,Cpu:1,280,Avx2,,false
2,82,429,1,12926176,1,10,100000,0,0,,Cpu,Cpu:1,280,Avx2,,false
2,83,301,1,12852788,1,10,100000,0,0,,Cpu,Cpu:1,271,Avx2,,false
2,84,185,1,12911606,1,10,100000,0,0,,Cpu,Cpu:1,250,Avx2,,false
2,85,160,1,12857097,1,10,100000,0,0,,Cpu,Cpu:1,270,Avx2,,false
2,86,0,1,12883237,1,10,100000,0,0,,Cpu,Cpu:1,270,Avx2,,false
2,87,87,1,12941307,1,10,100000,0,0,,Cpu,Cpu:1,270,Avx2,,false
2,88,230,1,12878807,1,10,100000,0,0,,Cpu,Cpu:1,330,Avx2,,false
2,89,164,1,12812218,1,10,100000,0,0,,Cpu,Cpu:1,260,Avx2,,false
2,90,64,1,12908136,1,10,100000,0,0,,Cpu,Cpu:1,270,Avx2,,false
2,91,274,1,12897757,1,10,100000,0,0,,Cpu,Cpu:1,260,Avx2,,false
2,92,340,1,12849857,1,10,100000,0,0,,Cpu,Cpu:1,240,Avx2,,false
2,93,120,1,12841927,1,10,100000,0,0,,Cpu,Cpu:1,269,Avx2,,false
2,94,68,1,12812447,1,10,100000,0,0,,Cpu,Cpu:1,250,Avx2,,false
2,95,126,1,12769978,1,10,100000,0,0,,Cpu,Cpu:1,270,Avx2,,false
2,96,480,1,12797887,1,10,100000,0,0,,Cpu,Cpu:1,240,Avx2,,false
2,97,124,1,12828937,1,10,100000,0,0,,Cpu,Cpu:1,250,Avx2,,false
2,98,220,1,12841168,1,10,100000,0,0,,Cpu,Cpu:1,351,Avx2,,false
2,99,117,1,12826217,1,10,100000,0,0,,Cpu,Cpu:1,260,Avx2,,false
2,100,412,1,12847447,1,10,100000,0,0,,Cpu,Cpu:1,250,Avx2,,false
2,101,338,1,12747208,1,10,100000,0,0,,Cpu,Cpu:1,271,Avx2,,false
2,102,450,1,12673669,1,10,100000,0,0,,Cpu,Cpu:1,380,Avx2,,false
2,103,419,1,12739378,1,10,100000,0,0,,Cpu,Cpu:1,270,Avx2,,false
2,104,212,1,12750338,1,10,100000,0,0,,Cpu,Cpu:1,260,Avx2,,false
2,105,485,1,12827687,1,10,100000,0,0,,Cpu,Cpu:1,240,Avx2,,false
2,106,165,1,12832727,1,10,100000,0,0,,Cpu,Cpu:1,260,Avx2,,false
2,107,290,1,12730088,1,10,100000,0,0,,Cpu,Cpu:1,469,Avx2,,false
2,108,192,1,12838018,1,10,100000,0,0,,Cpu,Cpu:1,249,Avx2,,false
2,109,332,1,12771078,1,10,100000,0,0,,Cpu,Cpu:1,260,Avx2,,false
2,110,297,1,12699329,1,10,100000,0,0,,Cpu,Cpu:1,251,Avx2,,false
2,111,456,1,12732138,1,10,100000,0,0,,Cpu,Cpu:1,260,Avx2,,false
2,112,178,1,12798397,1,10,100000,0,0,,Cpu,Cpu:1,260,Avx2,,false
2,113,259,1,12865137,1,10,100000,0,0,,Cpu,Cpu:1,260,Avx2,,false
2,114,107,1,12817377,1,10,100000,0,0,,Cpu,Cpu:1,260,Avx2,,false
2,115,232,1,12906426,1,10,100000,0,0,,Cpu,Cpu:1,260,Avx2,,false
2,116,414,1,12809557,1,10,100000,0,0,,Cpu,Cpu:1,250,Avx2,,false
2,117,374,1,12780218,1,10,100000,0,0,,Cpu,Cpu:1,250,Avx2,,false
2,118,428,1,12768238,1,10,100000,0,0,,Cpu,Cpu:1,250,Avx2,,false
2,119,291,1,12871576,1,10,100000,0,0,,Cpu,Cpu:1,270,Avx2,,false
2,120,325,1,12895566,1,10,100000,0,0,,Cpu,Cpu:1,270,Avx2,,false
2,121,341,1,12831907,1,10,100000,0,0,,Cpu,Cpu:1,290,Avx2,,false
2,122,98,1,12892167,1,10,100000,0,0,,Cpu,Cpu:1,260,Avx2,,false
2,123,282,1,12884306,1,10,100000,0,0,,Cpu,Cpu:1,259,Avx2,,false
2,124,483,1,12830447,1,10,100000,0,0,,Cpu,Cpu:1,270,Avx2,,false
2,125,210,1,12784957,1,10,100000,0,0,,Cpu,Cpu:1,260,Avx2,,false
2,126,109,1,12788557,1,10,100000,0,0,,Cpu,Cpu:1,250,Avx2,,false
2,127,396,1,12763128,1,10,100000,0,0,,Cpu,Cpu:1,260,Avx2,,false
2,128,36,1,12829177,1,10,100000,0,0,,Cpu,Cpu:1,280,Avx2,,false
2,129,401,1,12816788,1,10,100000,0,0,,Cpu,Cpu:1,260,Avx2,,false
2,130,108,1,12670769,1,10,100000,0,0,,Cpu,Cpu:1,260,Avx2,,false
2,131,367,1,12898687,1,10,100000,0,0,,Cpu,Cpu:1,270,Avx2,,false
2,132,146,1,12773398,1,10,100000,0,0,,Cpu,Cpu:1,280,Avx2,,false
2,133,440,1,12803818,1,10,100000,0,0,,Cpu,Cpu:1,290,Avx2,,false
2,134,60,1,12745748,1,10,100000,0,0,,Cpu,Cpu:1,271,Avx2,,false
2,135,158,1,12756018,1,10,100000,0,0,,Cpu,Cpu:1,300,Avx2,,false
2,136,422,1,12830087,1,10,100000,0,0,,Cpu,Cpu:1,290,Avx2,,false
2,137,272,1,12756789,1,10,100000,0,0,,Cpu,Cpu:1,269,Avx2,,false
2,138,326,1,12731688,1,10,100000,0,0,,Cpu,Cpu:1,300,Avx2,,false
2,139,144,1,12791177,1,10,100000,0,0,,Cpu,Cpu:1,290,Avx2,,false
2,140,172,1,12803428,1,10,100000,0,0,,Cpu,Cpu:1,290,Avx2,,false
2,141,309,1,12825487,1,10,100000,0,0,,Cpu,Cpu:1,270,Avx2,,false
2,142,310,1,12802337,1,10,100000,0,0,,Cpu,Cpu:1,280,Avx2,,false
2,143,217,1,12728668,1,10,100000,0,0,,Cpu,Cpu:1,320,Avx2,,false
2,144,376,1,12627699,1,10,100000,0,0,,Cpu,Cpu:1,270,Avx2,,false
2,145,184,1,12645379,1,10,100000,0,0,,Cpu,Cpu:1,310,Avx2,,false
2,146,33,1,12933726,1,10,100000,0,0,,Cpu,Cpu:1,280,Avx2,,false
2,147,311,1,12861327,1,10,100000,0,0,,Cpu,Cpu:1,300,Avx2,,false
2,148,457,1,12631029,1,10,100000,0,0,,Cpu,Cpu:1,290,Avx2,,false
2,149,494,1,12811268,1,10,100000,0,0,,Cpu,Cpu:1,300,Avx2,,false
2,150,353,1,12684879,1,10,100000,0,0,,Cpu,Cpu:1,291,Avx2,,false
2,151,265,1,12794748,1,10,100000,0,0,,Cpu,Cpu:1,390,Avx2,,false
2,152,118,1,12819297,1,10,100000,0,0,,Cpu,Cpu:1,290,Avx2,,false
2,153,421,1,12624760,1,10,100000,0,0,,Cpu,Cpu:1,280,Avx2,,false
2,154,92,1,12547040,1,10,100000,0,0,,Cpu,Cpu:1,280,Avx2,,false
2,155,215,1,12592390,1,10,100000,0,0,,Cpu,Cpu:1,280,Avx2,,false
2,156,182,1,12590760,1,10,100000,0,0,,Cpu,Cpu:1,280,Avx2,,false
2,157,205,1,12833717,1,10,100000,0,0,,Cpu,Cpu:1,290,Avx2,,false
2,158,443,1,12801227,1,10,100000,0,0,,Cpu,Cpu:1,289,Avx2,,false
2,159,296,1,12907497,1,10,100000,0,0,,Cpu,Cpu:1,289,Avx2,,false
2,160,206,1,12958725,1,10,100000,0,0,,Cpu,Cpu:1,280,Avx2,,false
2,161,197,1,12869916,1,10,100000,0,0,,Cpu,Cpu:1,280,Avx2,,false
2,162,13,1,12999516,1,10,100000,0,0,,Cpu,Cpu:1,280,Avx2,,false
2,163,209,1,12617980,1,10,100000,0,0,,Cpu,Cpu:1,270,Avx2,,false
2,164,145,1,12706879,1,10,100000,0,0,,Cpu,Cpu:1,290,Avx2,,false
2,165,89,1,12775398,1,10,100000,0,0,,Cpu,Cpu:1,290,Avx2,,false
2,166,183,1,12765138,1,10,100000,0,0,,Cpu,Cpu:1,271,Avx2,,false
2,167,370,1,12735229,1,10,100000,0,0,,Cpu,Cpu:1,280,Avx2,,false
2,168,294,1,12914016,1,10,100000,0,0,,Cpu,Cpu:1,290,Avx2,,false
2,169,438,1,12895676,1,10,100000,0,0,,Cpu,Cpu:1,270,Avx2,,false
2,170,228,1,12883866,1,10,100000,0,0,,Cpu,Cpu:1,280,Avx2,,false
2,171,219,1,12811387,1,10,100000,0,0,,Cpu,Cpu:1,280,Avx2,,false
2,172,18,1,12809678,1,10,100000,0,0,,Cpu,Cpu:1,280,Avx2,,false
2,173,266,1,12693659,1,10,100000,0,0,,Cpu,Cpu:1,280,Avx2,,false
2,174,362,1,12924006,1,10,100000,0,0,,Cpu,Cpu:1,270,Avx2,,false
2,175,453,1,12719598,1,10,100000,0,0,,Cpu,Cpu:1,280,Avx2,,false
2,176,492,1,12626209,1,10,100000,0,0,,Cpu,Cpu:1,280,Avx2,,false
2,177,200,1,12942796,1,10,100000,0,0,,Cpu,Cpu:1,290,Avx2,,false
2,178,32,1,12866316,1,10,100000,0,0,,Cpu,Cpu:1,291,Avx2,,false
2,179,171,1,12786707,1,10,100000,0,0,,Cpu,Cpu:1,300,Avx2,,false
2,180,458,1,12894687,1,10,100000,0,0,,Cpu,Cpu:1,270,Avx2,,false
2,181,386,1,12970996,1,10,100000,0,0,,Cpu,Cpu:1,290,Avx2,,false
2,182,273,1,12934236,1,10,100000,0,0,,Cpu,Cpu:1,250,Avx2,,false
2,183,159,1,12853727,1,10,100000,0,0,,Cpu,Cpu:1,300,Avx2,,false
2,184,176,1,12588760,1,10,100000,0,0,,Cpu,Cpu:1,290,Avx2,,false
2,185,73,1,12771277,1,10,100000,0,0,,Cpu,Cpu:1,550,Avx2,,false
2,186,130,1,12800787,1,10,100000,0,0,,Cpu,Cpu:1,290,Avx2,,false
2,187,151,1,12555680,1,10,100000,0,0,,Cpu,Cpu:1,260,Avx2,,false
2,188,398,1,12504911,1,10,100000,0,0,,Cpu,Cpu:1,280,Avx2,,false
2,189,194,1,12644519,1,10,100000,0,0,,Cpu,Cpu:1,520,Avx2,,false
2,190,102,1,12726249,1,10,100000,0,0,,Cpu,Cpu:1,480,Avx2,,false
2,191,247,1,12590900,1,10,100000,0,0,,Cpu,Cpu:1,290,Avx2,,false
2,192,4,1,12683539,1,10,100000,0,0,,Cpu,Cpu:1,269,Avx2,,false
2,193,113,1,12863517,1,10,100000,0,0,,Cpu,Cpu:1,450,Avx2,,false
2,194,5,1,12833757,1,10,100000,0,0,,Cpu,Cpu:1,280,Avx2,,false
2,195,155,1,12903836,1,10,100000,0,0,,Cpu,Cpu:1,290,Avx2,,false
2,196,318,1,12757808,1,10,100000,0,0,,Cpu,Cpu:1,290,Avx2,,false
2,197,395,1,12647499,1,10,100000,0,0,,Cpu,Cpu:1,280,Avx2,,false
2,198,238,1,12739558,1,10,100000,0,0,,Cpu,Cpu:1,280,Avx2,,false
2,199,495,1,12779778,1,10,100000,0,0,,Cpu,Cpu:1,430,Avx2,,false
2,200,53,1,12701428,1,10,100000,0,0,,Cpu,Cpu:1,279,Avx2,,false
2,201,93,1,12665919,1,10,100000,0,0,,Cpu,Cpu:1,291,Avx2,,false
2,202,149,1,12700899,1,10,100000,0,0,,Cpu,Cpu:1,290,Avx2,,false
2,203,285,1,12758848,1,10,100000,0,0,,Cpu,Cpu:1,300,Avx2,,false
2,204,252,1,12677959,1,10,100000,0,0,,Cpu,Cpu:1,280,Avx2,,false
2,205,83,1,12630930,1,10,100000,0,0,,Cpu,Cpu:1,290,Avx2,,false
2,206,150,1,12812937,1,10,100000,0,0,,Cpu,Cpu:1,250,Avx2,,false
2,207,404,1,12789258,1,10,100000,0,0,,Cpu,Cpu:1,250,Avx2,,false
2,208,490,1,12780428,1,10,100000,0,0,,Cpu,Cpu:1,249,Avx2,,false
2,209,390,1,12704238,1,10,100000,0,0,,Cpu,Cpu:1,270,Avx2,,false
2,210,201,1,12723968,1,10,100000,0,0,,Cpu,Cpu:1,260,Avx2,,false
2,211,461,1,12616899,1,10,100000,0,0,,Cpu,Cpu:1,270,Avx2,,false
2,212,142,1,12635750,1,10,100000,0,0,,Cpu,Cpu:1,250,Avx2,,false
2,213,437,1,12697599,1,10,100000,0,0,,Cpu,Cpu:1,360,Avx2,,false
2,214,236,1,12682669,1,10,100000,0,0,,Cpu,Cpu:1,250,Avx2,,false
2,215,224,1,12684799,1,10,100000,0,0,,Cpu,Cpu:1,400,Avx2,,false
2,216,410,1,12690169,1,10,100000,0,0,,Cpu,Cpu:1,270,Avx2,,false
2,217,347,1,12667089,1,10,100000,0,0,,Cpu,Cpu:1,280,Avx2,,false
2,218,264,1,12677419,1,10,100000,0,0,,Cpu,Cpu:1,250,Avx2,,false
2,219,253,1,12874757,1,10,100000,0,0,,Cpu,Cpu:1,260,Avx2,,false
2,220,222,1,12896426,1,10,100000,0,0,,Cpu,Cpu:1,250,Avx2,,false
2,221,300,1,12892796,1,10,100000,0,0,,Cpu,Cpu:1,260,Avx2,,false
2,222,44,1,12763008,1,10,100000,0,0,,Cpu,Cpu:1,270,Avx2,,false
2,223,327,1,12764558,1,10,100000,0,0,,Cpu,Cpu:1,260,Avx2,,false
2,224,439,1,12883706,1,10,100000,0,0,,Cpu,Cpu:1,250,Avx2,,false
2,225,241,1,12817817,1,10,100000,0,0,,Cpu,Cpu:1,290,Avx2,,false
2,226,288,1,12874907,1,10,100000,0,0,,Cpu,Cpu:1,300,Avx2,,false
2,227,59,1,12864187,1,10,100000,0,0,,Cpu,Cpu:1,300,Avx2,,false
2,228,408,1,12769758,1,10,100000,0,0,,Cpu,Cpu:1,510,Avx2,,false
2,229,133,1,12933156,1,10,100000,0,0,,Cpu,Cpu:1,270,Avx2,,false
2,230,34,1,12857177,1,10,100000,0,0,,Cpu,Cpu:1,250,Avx2,,false
2,231,468,1,12751788,1,10,100000,0,0,,Cpu,Cpu:1,270,Avx2,,false
2,232,116,1,12906597,1,10,100000,0,0,,Cpu,Cpu:1,269,Avx2,,false
2,233,270,1,12966096,1,10,100000,0,0,,Cpu,Cpu:1,270,Avx2,,false
2,234,333,1,12913587,1,10,100000,0,0,,Cpu,Cpu:1,289,Avx2,,false
2,235,392,1,12862417,1,10,100000,0,0,,Cpu,Cpu:1,269,Avx2,,false
2,236,304,1,12885777,1,10,100000,0,0,,Cpu,Cpu:1,290,Avx2,,false
2,237,280,1,12795297,1,10,100000,0,0,,Cpu,Cpu:1,280,Avx2,,false
2,238,110,1,13017155,1,10,100000,0,0,,Cpu,Cpu:1,290,Avx2,,false
2,239,339,1,12834767,1,10,100000,0,0,,Cpu,Cpu:1,420,Avx2,,false
2,240,420,1,12824598,1,10,100000,0,0,,Cpu,Cpu:1,300,Avx2,,false
2,241,356,1,12752448,1,10,100000,0,0,,Cpu,Cpu:1,280,Avx2,,false
2,242,378,1,12873016,1,10,100000,0,0,,Cpu,Cpu:1,290,Avx2,,false
2,243,330,1,12836767,1,10,100000,0,0,,Cpu,Cpu:1,360,Avx2,,false
2,244,343,1,12758668,1,10,100000,0,0,,Cpu,Cpu:1,280,Avx2,,false
2,245,363,1,12574260,1,10,100000,0,0,,Cpu,Cpu:1,290,Avx2,,false
2,246,269,1,12936396,1,10,100000,0,0,,Cpu,Cpu:1,250,Avx2,,false
2,247,469,1,12786978,1,10,100000,0,0,,Cpu,Cpu:1,250,Avx2,,false
2,248,237,1,12586180,1,10,100000,0,0,,Cpu,Cpu:1,250,Avx2,,false
2,249,308,1,12620220,1,10,100000,0,0,,Cpu,Cpu:1,250,Avx2,,false
2,250,167,1,12781418,1,10,100000,0,0,,Cpu,Cpu:1,490,Avx2,,false
2,251,276,1,12881706,1,10,100000,0,0,,Cpu,Cpu:1,251,Avx2,,false
2,252,486,1,12796757,1,10,100000,0,0,,Cpu,Cpu:1,250,Avx2,,false
2,253,99,1,12844037,1,10,100000,0,0,,Cpu,Cpu:1,350,Avx2,,false
2,254,24,1,12593530,1,10,100000,0,0,,Cpu,Cpu:1,260,Avx2,,false
2,255,375,1,12738798,1,10,100000,0,0,,Cpu,Cpu:1,270,Avx2,,false
2,256,112,1,12884926,1,10,100000,0,0,,Cpu,Cpu:1,260,Avx2,,false
2,257,19,1,12827097,1,10,100000,0,0,,Cpu,Cpu:1,260,Avx2,,false
2,258,258,1,12798277,1,10,100000,0,0,,Cpu,Cpu:1,260,Avx2,,false
2,259,481,1,12738078,1,10,100000,0,0,,Cpu,Cpu:1,280,Avx2,,false
2,260,128,1,12650089,1,10,100000,0,0,,Cpu,Cpu:1,280,Avx2,,false
2,261,377,1,12840518,1,10,100000,0,0,,Cpu,Cpu:1,340,Avx2,,false
2,262,416,1,12904677,1,10,100000,0,0,,Cpu,Cpu:1,270,Avx2,,false
2,263,71,1,12876177,1,10,100000,0,0,,Cpu,Cpu:1,290,Avx2,,false
2,264,195,1,12880997,1,10,100000,0,0,,Cpu,Cpu:1,429,Avx2,,false
2,265,365,1,12853147,1,10,100000,0,0,,Cpu,Cpu:1,280,Avx2,,false
2,266,25,1,12883217,1,10,100000,0,0,,Cpu,Cpu:1,290,Avx2,,false
2,267,324,1,12892787,1,10,100000,0,0,,Cpu,Cpu:1,250,Avx2,,false
2,268,38,1,12839217,1,10,100000,0,0,,Cpu,Cpu:1,289,Avx2,,false
2,269,37,1,12898417,1,10,100000,0,0,,Cpu,Cpu:1,290,Avx2,,false
2,270,302,1,13151184,1,10,100000,0,0,,Cpu,Cpu:1,290,Avx2,,false
2,271,491,1,13365571,1,10,100000,0,0,,Cpu,Cpu:1,290,Avx2,,false
2,272,454,1,13063595,1,10,100000,0,0,,Cpu,Cpu:1,300,Avx2,,false
2,273,393,1,13055535,1,10,100000,0,0,,Cpu,Cpu:1,290,Avx2,,false
2,274,67,1,13053795,1,10,100000,0,0,,Cpu,Cpu:1,250,Avx2,,false
2,275,279,1,12999665,1,10,100000,0,0,,Cpu,Cpu:1,280,Avx2,,false
2,276,328,1,13038286,1,10,100000,0,0,,Cpu,Cpu:1,280,Avx2,,false
2,277,397,1,12988265,1,10,100000,0,0,,Cpu,Cpu:1,320,Avx2,,false
2,278,459,1,13858065,1,10,100000,0,0,,Cpu,Cpu:1,290,Avx2,,false
2,279,207,1,12949826,1,10,100000,0,0,,Cpu,Cpu:1,340,Avx2,,false
2,280,417,1,13023144,1,10,100000,0,0,,Cpu,Cpu:1,300,Avx2,,false
2,281,75,1,13025655,1,10,100000,0,0,,Cpu,Cpu:1,290,Avx2,,false
2,282,289,1,12977436,1,10,100000,0,0,,Cpu,Cpu:1,409,Avx2,,false
2,283,3,1,12942836,1,10,100000,0,0,,Cpu,Cpu:1,370,Avx2,,false
2,284,74,1,12947496,1,10,100000,0,0,,Cpu,Cpu:1,280,Avx2,,false
2,285,283,1,12920587,1,10,100000,0,0,,Cpu,Cpu:1,280,Avx2,,false
2,286,84,1,12919277,1,10,100000,0,0,,Cpu,Cpu:1,270,Avx2,,false
2,287,323,1,12911197,1,10,100000,0,0,,Cpu,Cpu:1,280,Avx2,,false
2,288,235,1,12897326,1,10,100000,0,0,,Cpu,Cpu:1,470,Avx2,,false
2,289,261,1,13011105,1,10,100000,0,0,,Cpu,Cpu:1,290,Avx2,,false
2,290,181,1,12874257,1,10,100000,0,0,,Cpu,Cpu:1,269,Avx2,,false
2,291,298,1,12894776,1,10,100000,0,0,,Cpu,Cpu:1,270,Avx2,,false
2,292,260,1,13041125,1,10,100000,0,0,,Cpu,Cpu:1,290,Avx2,,false
2,293,81,1,13014366,1,10,100000,0,0,,Cpu,Cpu:1,280,Avx2,,false
2,294,123,1,13101754,1,10,100000,0,0,,Cpu,Cpu:1,270,Avx2,,false
2,295,263,1,13000985,1,10,100000,0,0,,Cpu,Cpu:1,420,Avx2,,false
2,296,380,1,12963366,1,10,100000,0,0,,Cpu,Cpu:1,280,Avx2,,false
2,297,477,1,13177843,1,10,100000,0,0,,Cpu,Cpu:1,280,Avx2,,false
2,298,231,1,13067705,1,10,100000,0,0,,Cpu,Cpu:1,389,Avx2,,false
2,299,306,1,12942655,1,10,100000,0,0,,Cpu,Cpu:1,280,Avx2,,false
2,300,360,1,12955906,1,10,100000,0,0,,Cpu,Cpu:1,270,Avx2,,false
2,301,446,1,12941265,1,10,100000,0,0,,Cpu,Cpu:1,271,Avx2,,false
2,302,173,1,13766287,1,10,100000,0,0,,Cpu,Cpu:1,260,Avx2,,false
2,303,239,1,13004446,1,10,100000,0,0,,Cpu,Cpu:1,510,Avx2,,false
2,304,9,1,12794508,1,10,100000,0,0,,Cpu,Cpu:1,290,Avx2,,false
2,305,474,1,12813667,1,10,100000,0,0,,Cpu,Cpu:1,280,Avx2,,false
2,306,451,1,12887067,1,10,100000,0,0,,Cpu,Cpu:1,280,Avx2,,false
2,307,31,1,12772238,1,10,100000,0,0,,Cpu,Cpu:1,390,Avx2,,false
2,308,478,1,12867027,1,10,100000,0,0,,Cpu,Cpu:1,269,Avx2,,false
2,309,394,1,12760448,1,10,100000,0,0,,Cpu,Cpu:1,250,Avx2,,false
2,310,86,1,12865047,1,10,100000,0,0,,Cpu,Cpu:1,270,Avx2,,false
2,311,295,1,12962845,1,10,100000,0,0,,Cpu,Cpu:1,280,Avx2,,false
2,312,138,1,12829657,1,10,100000,0,0,,Cpu,Cpu:1,280,Avx2,,false
2,313,405,1,12728528,1,10,100000,0,0,,Cpu,Cpu:1,270,Avx2,,false
2,314,72,1,12770587,1,10,100000,0,0,,Cpu,Cpu:1,280,Avx2,,false
2,315,381,1,12818627,1,10,100000,0,0,,Cpu,Cpu:1,280,Avx2,,false
2,316,122,1,12897976,1,10,100000,0,0,,Cpu,Cpu:1,280,Avx2,,false
2,317,55,1,12778908,1,10,100000,0,0,,Cpu,Cpu:1,290,Avx2,,false
2,318,430,1,12791988,1,10,100000,0,0,,Cpu,Cpu:1,270,Avx2,,false
2,319,431,1,12777978,1,10,100000,0,0,,Cpu,Cpu:1,330,Avx2,,false
2,320,28,1,12757188,1,10,100000,0,0,,Cpu,Cpu:1,290,Avx2,,false
2,321,29,1,12787838,1,10,100000,0,0,,Cpu,Cpu:1,280,Avx2,,false
2,322,346,1,12686969,1,10,100000,0,0,,Cpu,Cpu:1,280,Avx2,,false
2,323,447,1,12736448,1,10,100000,0,0,,Cpu,Cpu:1,400,Avx2,,false
2,324,139,1,12716149,1,10,100000,0,0,,Cpu,Cpu:1,271,Avx2,,false
2,325,213,1,12854937,1,10,100000,0,0,,Cpu,Cpu:1,280,Avx2,,false
2,326,77,1,12711818,1,10,100000,0,0,,Cpu,Cpu:1,390,Avx2,,false
2,327,354,1,12681349,1,10,100000,0,0,,Cpu,Cpu:1,410,Avx2,,false
2,328,464,1,12720919,1,10,100000,0,0,,Cpu,Cpu:1,280,Avx2,,false
2,329,17,1,12794648,1,10,100000,0,0,,Cpu,Cpu:1,300,Avx2,,false
2,330,482,1,12749149,1,10,100000,0,0,,Cpu,Cpu:1,249,Avx2,,false
2,331,475,1,12693009,1,10,100000,0,0,,Cpu,Cpu:1,380,Avx2,,false
2,332,470,1,12608759,1,10,100000,0,0,,Cpu,Cpu:1,291,Avx2,,false
2,333,331,1,12811737,1,10,100000,0,0,,Cpu,Cpu:1,280,Avx2,,false
2,334,41,1,12688579,1,10,100000,0,0,,Cpu,Cpu:1,280,Avx2,,false
2,335,191,1,12876737,1,10,100000,0,0,,Cpu,Cpu:1,290,Avx2,,false
2,336,334,1,12773958,1,10,100000,0,0,,Cpu,Cpu:1,410,Avx2,,false
2,337,131,1,12756438,1,10,100000,0,0,,Cpu,Cpu:1,520,Avx2,,false
2,338,170,1,12887427,1,10,100000,0,0,,Cpu,Cpu:1,290,Avx2,,false
2,339,307,1,12862657,1,10,100000,0,0,,Cpu,Cpu:1,370,Avx2,,false
2,340,384,1,12725659,1,10,100000,0,0,,Cpu,Cpu:1,289,Avx2,,false
2,341,69,1,12703639,1,10,100000,0,0,,Cpu,Cpu:1,289,Avx2,,false
2,342,12,1,12710939,1,10,100000,0,0,,Cpu,Cpu:1,280,Avx2,,false
2,343,271,1,12674159,1,10,100000,0,0,,Cpu,Cpu:1,280,Avx2,,false
2,344,434,1,12858397,1,10,100000,0,0,,Cpu,Cpu:1,270,Avx2,,false
2,345,385,1,12713079,1,10,100000,0,0,,Cpu,Cpu:1,371,Avx2,,false
2,346,2,1,12578900,1,10,100000,0,0,,Cpu,Cpu:1,249,Avx2,,false
2,347,355,1,12634380,1,10,100000,0,0,,Cpu,Cpu:1,530,Avx2,,false
2,348,345,1,12647239,1,10,100000,0,0,,Cpu,Cpu:1,280,Avx2,,false
2,349,359,1,12701198,1,10,100000,0,0,,Cpu,Cpu:1,320,Avx2,,false
2,350,76,1,12542740,1,10,100000,0,0,,Cpu,Cpu:1,440,Avx2,,false
2,351,399,1,12657099,1,10,100000,0,0,,Cpu,Cpu:1,280,Avx2,,false
2,352,218,1,12617839,1,10,100000,0,0,,Cpu,Cpu:1,280,Avx2,,false
2,353,305,1,12634969,1,10,100000,0,0,,Cpu,Cpu:1,280,Avx2,,false
2,354,391,1,12674719,1,10,100000,0,0,,Cpu,Cpu:1,511,Avx2,,false
2,355,473,1,12653939,1,10,100000,0,0,,Cpu,Cpu:1,270,Avx2,,false
2,356,441,1,12624239,1,10,100000,0,0,,Cpu,Cpu:1,260,Avx2,,false
2,357,337,1,12672809,1,10,100000,0,0,,Cpu,Cpu:1,290,Avx2,,false
2,358,20,1,12540231,1,10,100000,0,0,,Cpu,Cpu:1,340,Avx2,,false
2,359,471,1,12657139,1,10,100000,0,0,,Cpu,Cpu:1,280,Avx2,,false
2,360,137,1,12621229,1,10,100000,0,0,,Cpu,Cpu:1,280,Avx2,,false
2,361,476,1,12581320,1,10,100000,0,0,,Cpu,Cpu:1,290,Avx2,,false
2,362,227,1,12722068,1,10,100000,0,0,,Cpu,Cpu:1,291,Avx2,,false
2,363,489,1,12700369,1,10,100000,0,0,,Cpu,Cpu:1,260,Avx2,,false
2,364,312,1,12569221,1,10,100000,0,0,,Cpu,Cpu:1,280,Avx2,,false
2,365,199,1,12595860,1,10,100000,0,0,,Cpu,Cpu:1,280,Avx2,,false
2,366,366,1,12611309,1,10,100000,0,0,,Cpu,Cpu:1,270,Avx2,,false
2,367,15,1,12618019,1,10,100000,0,0,,Cpu,Cpu:1,520,Avx2,,false
2,368,188,1,12611709,1,10,100000,0,0,,Cpu,Cpu:1,300,Avx2,,false
2,369,433,1,12582140,1,10,100000,0,0,,Cpu,Cpu:1,280,Avx2,,false
2,370,135,1,12650950,1,10,100000,0,0,,Cpu,Cpu:1,280,Avx2,,false
2,371,435,1,12726209,1,10,100000,0,0,,Cpu,Cpu:1,280,Avx2,,false
2,372,106,1,12615819,1,10,100000,0,0,,Cpu,Cpu:1,280,Avx2,,false
2,373,369,1,12532441,1,10,100000,0,0,,Cpu,Cpu:1,260,Avx2,,false
2,374,136,1,12589130,1,10,100000,0,0,,Cpu,Cpu:1,290,Avx2,,false
2,375,383,1,12669180,1,10,100000,0,0,,Cpu,Cpu:1,269,Avx2,,false
2,376,157,1,12781788,1,10,100000,0,0,,Cpu,Cpu:1,540,Avx2,,false
2,377,402,1,12653619,1,10,100000,0,0,,Cpu,Cpu:1,271,Avx2,,false
2,378,442,1,12636529,1,10,100000,0,0,,Cpu,Cpu:1,390,Avx2,,false
2,379,407,1,12580890,1,10,100000,0,0,,Cpu,Cpu:1,290,Avx2,,false
2,380,499,1,12651849,1,10,100000,0,0,,Cpu,Cpu:1,291,Avx2,,false
2,381,303,1,12704839,1,10,100000,0,0,,Cpu,Cpu:1,290,Avx2,,false
2,382,162,1,13595869,1,10,100000,0,0,,Cpu,Cpu:1,290,Avx2,,false
2,383,415,1,13070765,1,10,100000,0,0,,Cpu,Cpu:1,340,Avx2,,false
2,384,348,1,12941636,1,10,100000,0,0,,Cpu,Cpu:1,290,Avx2,,false
2,385,389,1,13078405,1,10,100000,0,0,,Cpu,Cpu:1,540,Avx2,,false
2,386,187,1,12900687,1,10,100000,0,0,,Cpu,Cpu:1,290,Avx2,,false
2,387,335,1,12887387,1,10,100000,0,0,,Cpu,Cpu:1,269,Avx2,,false
2,388,153,1,13017765,1,10,100000,0,0,,Cpu,Cpu:1,309,Avx2,,false
2,389,141,1,13007535,1,10,100000,0,0,,Cpu,Cpu:1,290,Avx2,,false
2,390,244,1,12930026,1,10,100000,0,0,,Cpu,Cpu:1,290,Avx2,,false
2,391,287,1,12893087,1,10,100000,0,0,,Cpu,Cpu:1,509,Avx2,,false
2,392,250,1,12904666,1,10,100000,0,0,,Cpu,Cpu:1,290,Avx2,,false
2,393,121,1,12963195,1,10,100000,0,0,,Cpu,Cpu:1,291,Avx2,,false
2,394,373,1,12958146,1,10,100000,0,0,,Cpu,Cpu:1,300,Avx2,,false
2,395,379,1,12973636,1,10,100000,0,0,,Cpu,Cpu:1,300,Avx2,,false
2,396,166,1,12928385,1,10,100000,0,0,,Cpu,Cpu:1,300,Avx2,,false
2,397,479,1,12989135,1,10,100000,0,0,,Cpu,Cpu:1,290,Avx2,,false
2,398,352,1,12922376,1,10,100000,0,0,,Cpu,Cpu:1,280,Avx2,,false
2,399,427,1,12980565,1,10,100000,0,0,,Cpu,Cpu:1,290,Avx2,,false
2,400,46,1,12914766,1,10,100000,0,0,,Cpu,Cpu:1,280,Avx2,,false
2,401,317,1,12919346,1,10,100000,0,0,,Cpu,Cpu:1,310,Avx2,,false
2,402,91,1,12996516,1,10,100000,0,0,,Cpu,Cpu:1,309,Avx2,,false
2,403,115,1,12959226,1,10,100000,0,0,,Cpu,Cpu:1,410,Avx2,,false
2,404,277,1,12939336,1,10,100000,0,0,,Cpu,Cpu:1,290,Avx2,,false
2,405,321,1,12923416,1,10,100000,0,0,,Cpu,Cpu:1,280,Avx2,,false
2,406,336,1,12905757,1,10,100000,0,0,,Cpu,Cpu:1,480,Avx2,,false
2,407,493,1,12936756,1,10,100000,0,0,,Cpu,Cpu:1,300,Avx2,,false
2,408,57,1,12927116,1,10,100000,0,0,,Cpu,Cpu:1,280,Avx2,,false
2,409,465,1,12926236,1,10,100000,0,0,,Cpu,Cpu:1,290,Avx2,,false
2,410,169,1,12936236,1,10,100000,0,0,,Cpu,Cpu:1,280,Avx2,,false
2,411,487,1,12970076,1,10,100000,0,0,,Cpu,Cpu:1,280,Avx2,,false
2,412,147,1,12885136,1,10,100000,0,0,,Cpu,Cpu:1,300,Avx2,,false
2,413,413,1,12911166,1,10,100000,0,0,,Cpu,Cpu:1,290,Avx2,,false
2,414,234,1,12958205,1,10,100000,0,0,,Cpu,Cpu:1,290,Avx2,,false
2,415,449,1,12906696,1,10,100000,0,0,,Cpu,Cpu:1,300,Avx2,,false
2,416,286,1,12931156,1,10,100000,0,0,,Cpu,Cpu:1,300,Avx2,,false
2,417,65,1,12900266,1,10,100000,0,0,,Cpu,Cpu:1,290,Avx2,,false
2,418,101,1,12925456,1,10,100000,0,0,,Cpu,Cpu:1,290,Avx2,,false
2,419,119,1,12919717,1,10,100000,0,0,,Cpu,Cpu:1,540,Avx2,,false
2,420,316,1,12926496,1,10,100000,0,0,,Cpu,Cpu:1,290,Avx2,,false
2,421,125,1,14545638,1,10,100000,0,0,,Cpu,Cpu:1,280,Avx2,,false
2,422,202,1,18586833,1,10,100000,0,0,,Cpu,Cpu:1,269,Avx2,,false
2,423,47,1,17242308,1,10,100000,0,0,,Cpu,Cpu:1,280,Avx2,,false
2,424,262,1,12703848,1,10,100000,0,0,,Cpu,Cpu:1,290,Avx2,,false
2,425,97,1,12492111,1,10,100000,0,0,,Cpu,Cpu:1,270,Avx2,,false
2,426,104,1,12434572,1,10,100000,0,0,,Cpu,Cpu:1,280,Avx2,,false
2,427,467,1,12442581,1,10,100000,0,0,,Cpu,Cpu:1,270,Avx2,,false
2,428,58,1,12437401,1,10,100000,0,0,,Cpu,Cpu:1,280,Avx2,,false
2,429,105,1,12451441,1,10,100000,0,0,,Cpu,Cpu:1,280,Avx2,,false
2,430,70,1,12481621,1,10,100000,0,0,,Cpu,Cpu:1,270,Avx2,,false
2,431,223,1,12424792,1,10,100000,0,0,,Cpu,Cpu:1,271,Avx2,,false
2,432,424,1,12431491,1,10,100000,0,0,,Cpu,Cpu:1,290,Avx2,,false
2,433,177,1,12473461,1,10,100000,0,0,,Cpu,Cpu:1,280,Avx2,,false
2,434,400,1,12441122,1,10,100000,0,0,,Cpu,Cpu:1,270,Avx2,,false
2,435,27,1,12434532,1,10,100000,0,0,,Cpu,Cpu:1,280,Avx2,,false
2,436,88,1,12473331,1,10,100000,0,0,,Cpu,Cpu:1,290,Avx2,,false
2,437,229,1,12440281,1,10,100000,0,0,,Cpu,Cpu:1,290,Avx2,,false
2,438,275,1,12426602,1,10,100000,0,0,,Cpu,Cpu:1,270,Avx2,,false
2,439,111,1,12462592,1,10,100000,0,0,,Cpu,Cpu:1,370,Avx2,,false
2,440,49,1,12454791,1,10,100000,0,0,,Cpu,Cpu:1,280,Avx2,,false
2,441,251,1,12460222,1,10,100000,0,0,,Cpu,Cpu:1,280,Avx2,,false
2,442,174,1,12449532,1,10,100000,0,0,,Cpu,Cpu:1,490,Avx2,,false
2,443,423,1,12462372,1,10,100000,0,0,,Cpu,Cpu:1,300,Avx2,,false
2,444,94,1,12416922,1,10,100000,0,0,,Cpu,Cpu:1,290,Avx2,,false
2,445,21,1,12431662,1,10,100000,0,0,,Cpu,Cpu:1,290,Avx2,,false
2,446,103,1,12485332,1,10,100000,0,0,,Cpu,Cpu:1,300,Avx2,,false
2,447,455,1,12492311,1,10,100000,0,0,,Cpu,Cpu:1,290,Avx2,,false
2,448,10,1,12472531,1,10,100000,0,0,,Cpu,Cpu:1,290,Avx2,,false
2,449,95,1,12505901,1,10,100000,0,0,,Cpu,Cpu:1,290,Avx2,,false
2,450,186,1,12459951,1,10,100000,0,0,,Cpu,Cpu:1,280,Avx2,,false
2,451,43,1,12487101,1,10,100000,0,0,,Cpu,Cpu:1,280,Avx2,,false
2,452,156,1,12474022,1,10,100000,0,0,,Cpu,Cpu:1,290,Avx2,,false
2,453,175,1,12460641,1,10,100000,0,0,,Cpu,Cpu:1,270,Avx2,,false
2,454,203,1,12438191,1,10,100000,0,0,,Cpu,Cpu:1,280,Avx2,,false
2,455,351,1,12501421,1,10,100000,0,0,,Cpu,Cpu:1,290,Avx2,,false
2,456,368,1,12598089,1,10,100000,0,0,,Cpu,Cpu:1,291,Avx2,,false
2,457,497,1,12500331,1,10,100000,0,0,,Cpu,Cpu:1,280,Avx2,,false
2,458,148,1,12520621,1,10,100000,0,0,,Cpu,Cpu:1,290,Avx2,,false
2,459,371,1,12490161,1,10,100000,0,0,,Cpu,Cpu:1,269,Avx2,,false
2,460,364,1,12440642,1,10,100000,0,0,,Cpu,Cpu:1,290,Avx2,,false
2,461,267,1,12494401,1,10,100000,0,0,,Cpu,Cpu:1,270,Avx2,,false
2,462,292,1,12510361,1,10,100000,0,0,,Cpu,Cpu:1,270,Avx2,,false
2,463,463,1,12475161,1,10,100000,0,0,,Cpu,Cpu:1,290,Avx2,,false
2,464,11,1,12497601,1,10,100000,0,0,,Cpu,Cpu:1,280,Avx2,,false
2,465,7,1,12446132,1,10,100000,0,0,,Cpu,Cpu:1,270,Avx2,,false
2,466,299,1,12454382,1,10,100000,0,0,,Cpu,Cpu:1,320,Avx2,,false
2,467,63,1,12523011,1,10,100000,0,0,,Cpu,Cpu:1,430,Avx2,,false
2,468,409,1,12482391,1,10,100000,0,0,,Cpu,Cpu:1,289,Avx2,,false
2,469,349,1,12455662,1,10,100000,0,0,,Cpu,Cpu:1,290,Avx2,,false
2,470,216,1,13189354,1,10,100000,0,0,,Cpu,Cpu:1,330,Avx2,,false
2,471,255,1,12444511,1,10,100000,0,0,,Cpu,Cpu:1,280,Avx2,,false
2,472,322,1,12489751,1,10,100000,0,0,,Cpu,Cpu:1,280,Avx2,,false
2,473,411,1,12482991,1,10,100000,0,0,,Cpu,Cpu:1,280,Avx2,,false
2,474,45,1,12420952,1,10,100000,0,0,,Cpu,Cpu:1,270,Avx2,,false
2,475,35,1,12471591,1,10,100000,0,0,,Cpu,Cpu:1,280,Avx2,,false
2,476,445,1,12472711,1,10,100000,0,0,,Cpu,Cpu:1,270,Avx2,,false
2,477,85,1,12521371,1,10,100000,0,0,,Cpu,Cpu:1,280,Avx2,,false
2,478,233,1,12479831,1,10,100000,0,0,,Cpu,Cpu:1,300,Avx2,,false
2,479,319,1,12458301,1,10,100000,0,0,,Cpu,Cpu:1,280,Avx2,,false
2,480,426,1,12498191,1,10,100000,0,0,,Cpu,Cpu:1,290,Avx2,,false
2,481,357,1,12555451,1,10,100000,0,0,,Cpu,Cpu:1,440,Avx2,,false
2,482,179,1,12568630,1,10,100000,0,0,,Cpu,Cpu:1,280,Avx2,,false
2,483,211,1,12546190,1,10,100000,0,0,,Cpu,Cpu:1,290,Avx2,,false
2,484,54,1,12572770,1,10,100000,0,0,,Cpu,Cpu:1,280,Avx2,,false
2,485,361,1,12547651,1,10,100000,0,0,,Cpu,Cpu:1,349,Avx2,,false
2,486,425,1,12456382,1,10,100000,0,0,,Cpu,Cpu:1,269,Avx2,,false
2,487,79,1,12464841,1,10,100000,0,0,,Cpu,Cpu:1,290,Avx2,,false
2,488,242,1,12461002,1,10,100000,0,0,,Cpu,Cpu:1,290,Avx2,,false
2,489,39,1,12493761,1,10,100000,0,0,,Cpu,Cpu:1,280,Avx2,,false
2,490,278,1,12499721,1,10,100000,0,0,,Cpu,Cpu:1,291,Avx2,,false
2,491,127,1,12465621,1,10,100000,0,0,,Cpu,Cpu:1,270,Avx2,,false
2,492,315,1,12464931,1,10,100000,0,0,,Cpu,Cpu:1,270,Avx2,,false
2,493,23,1,12477251,1,10,100000,0,0,,Cpu,Cpu:1,270,Avx2,,false
2,494,245,1,12430272,1,10,100000,0,0,,Cpu,Cpu:1,280,Avx2,,false
2,495,143,1,12450821,1,10,100000,0,0,,Cpu,Cpu:1,290,Avx2,,false
2,496,240,1,12450701,1,10,100000,0,0,,Cpu,Cpu:1,290,Avx2,,false
2,497,403,1,12564470,1,10,100000,0,0,,Cpu,Cpu:1,289,Avx2,,false
2,498,80,1,12499540,1,10,100000,0,0,,Cpu,Cpu:1,299,Avx2,,false
2,499,387,1,12507961,1,10,100000,0,0,,Cpu,Cpu:1,270,Avx2,,false
