system,int_filter_lte,samples,repetitions,mean_recall_at_10,min_recall_at_10,perfect_recall_rows,p50_ms,p95_ms,p99_ms,median_bootstrap_95_ci_ms,raw_sha256
cuvs_brute_force_ip,100,10000,10,1.0,1.0,10000,0.524331,1.1156413999999997,1.4913935700000007,"[0.5232447625, 0.5253470375]",d7b514582b3b59a0b8288e9f0439d5434c81a6bcfbb0635568d75497b998b109
cuvs_brute_force_ip,1000,10000,10,0.9999,0.9,9990,0.8340025,1.2892627499999987,1.9994141200000022,"[0.8309015, 0.8390721750000001]",d7b514582b3b59a0b8288e9f0439d5434c81a6bcfbb0635568d75497b998b109
cuvs_brute_force_ip,10000,10000,10,0.9985,0.9,9850,5.268313,10.393697399999997,12.635947150000016,"[5.262984749999999, 5.273279049999999]",d7b514582b3b59a0b8288e9f0439d5434c81a6bcfbb0635568d75497b998b109
faiss_gpu_flat_ip,100,10000,10,1.0,1.0,10000,0.1237245,0.1332441,0.13650903,"[0.123692, 0.123761]",df3b8b2d9197de214016d02ad33738362267bd29f4e33ccd1a4687b16a5a8e28
faiss_gpu_flat_ip,1000,10000,10,1.0,1.0,10000,0.7768975,0.7866303,0.7908813299999999,"[0.7768134875, 0.7769930125000001]",df3b8b2d9197de214016d02ad33738362267bd29f4e33ccd1a4687b16a5a8e28
faiss_gpu_flat_ip,10000,10000,10,0.9988,0.9,9880,6.214736,6.241739450000001,6.29419729,"[6.214383300000001, 6.2150155125]",df3b8b2d9197de214016d02ad33738362267bd29f4e33ccd1a4687b16a5a8e28
qenlo_cuda_predicate_prototype,100,10000,10,1.0,1.0,10000,0.1680105,0.18342975,0.19011704000000001,"[0.1678639875, 0.16817705]",0d44f34456488d28e5de4b049300fa6baec07adfaa9252cbd17201cb91ee2c31
qenlo_cuda_predicate_prototype,1000,10000,10,0.9999,0.9,9990,0.5823675,0.6086514000000001,0.62058804,"[0.58209585, 0.582685025]",0d44f34456488d28e5de4b049300fa6baec07adfaa9252cbd17201cb91ee2c31
qenlo_cuda_predicate_prototype,10000,10000,10,0.998,0.9,9800,4.6929045,4.7248086,4.78685833,"[4.6926404999999995, 4.6931775625]",0d44f34456488d28e5de4b049300fa6baec07adfaa9252cbd17201cb91ee2c31
