configuration,gpu,data_center,cloud,campaign_mode,workload,engine,source_bundle_sha256,git_revision,rows,dimensions,batch,k,eligible_fraction,timing_scope,filter_scope,p50_completed_ns,p95_completed_ns,p99_completed_ns,p95_min_ns,p95_max_ns,throughput_qps,recall_at_k,collection_build_ns,binary_build_ns,peak_process_rss_bytes,qenlo_allocation_bytes,upload_bytes_per_call,readback_bytes_per_call,device_resident_ns,device_scoring_ns,device_selection_ns,upload_enqueue_ns,readback_completion_ns,backend_execution_ns,eligibility_materialization_ns,eligibility_transfer_bytes,mutation_p50_ns,mutation_p95_ns,actual_backend,rebuilt_fraction,deletion_correct,sample_count,qualified,status,failure_detail
rtx2000-eu-ro-secure-pilot,NVIDIA RTX 2000 Ada Generation,EU-RO-1,SECURE,pilot,p1-r1000-d128-b1-f1,baseline-cpu,f37e744c7ee4054a74c4b4181f2dde61dade4d677bbc5493b9a36b61d165a45d,unavailable,1000,128,1,10,1.0,batch-call-completion,corpus,51832.0,60152.0,67382.0,56952.0,64022.0,14562.469467166067,1.0,3974026,159623687382,5939200,,0.0,0.0,,,,,,50212.0,,0.0,,,Cpu,,,192,True,completed,
rtx2000-eu-ro-secure-pilot,NVIDIA RTX 2000 Ada Generation,EU-RO-1,SECURE,pilot,p1-r1000-d128-b1-f1,baseline-gpu,f37e744c7ee4054a74c4b4181f2dde61dade4d677bbc5493b9a36b61d165a45d,unavailable,1000,128,1,10,1.0,batch-call-completion,corpus,142865.0,151475.0,165075.0,151364.0,152334.0,6281.770175352669,1.0,232321028,159623687382,250503168,1587200.0,4576.0,160.0,,,,8760.0,78763.0,136974.0,2840.0,4000.0,,,Wgpu,,,192,True,completed,
rtx2000-eu-ro-secure-pilot,NVIDIA RTX 2000 Ada Generation,EU-RO-1,SECURE,pilot,p1-r1000-d128-b1-f1,current-gpu,730c050065e6786972a7be4f9bcb619168becdc943ce1122d1583c61f66409e3,unavailable,1000,128,1,10,1.0,batch-call-completion,corpus,162215.0,194986.0,207147.0,167856.0,205486.0,5546.42033165167,1.0,220117214,163934718074,255676416,2112128.0,4576.0,192.0,,7648.0,23328.0,8310.0,100193.0,159805.0,0.0,4000.0,,,Wgpu,,,192,True,completed,
a40-ca-mtl-secure,NVIDIA A40,CA-MTL-1,SECURE,common,c1-r1000-d128-b1-f1,baseline-cpu,f37e744c7ee4054a74c4b4181f2dde61dade4d677bbc5493b9a36b61d165a45d,unavailable,1000,128,1,10,1.0,batch-call-completion,corpus,30478.0,32647.0,34883.0,31547.0,33350.0,23272.68495875462,1.0,2464421,165482303535,5582848,,0.0,0.0,,,,,,28896.0,,0.0,,,Cpu,,,192,True,completed,
a40-ca-mtl-secure,NVIDIA A40,CA-MTL-1,SECURE,common,c1-r1000-d128-b1-f1,baseline-gpu,f37e744c7ee4054a74c4b4181f2dde61dade4d677bbc5493b9a36b61d165a45d,unavailable,1000,128,1,10,1.0,batch-call-completion,corpus,131573.0,140554.0,148734.0,137925.0,142614.0,6754.823445274478,1.0,149195283,165482303535,251523072,1587200.0,4576.0,160.0,,,,7060.0,80465.0,125529.0,3215.0,4000.0,,,Wgpu,,,192,True,completed,
a40-ca-mtl-secure,NVIDIA A40,CA-MTL-1,SECURE,common,c1-r1000-d128-b1-f1,current-gpu,730c050065e6786972a7be4f9bcb619168becdc943ce1122d1583c61f66409e3,unavailable,1000,128,1,10,1.0,batch-call-completion,corpus,151418.0,159459.0,166897.0,156420.0,159502.0,5905.62315904886,1.0,239652051,167490689988,255459328,2112128.0,4576.0,192.0,,7296.0,28960.0,6917.0,100329.0,149211.0,0.0,4000.0,,,Wgpu,,,192,True,completed,
a40-ca-mtl-secure,NVIDIA A40,CA-MTL-1,SECURE,common,c2-r1000-d384-b16-f001,current-gpu,730c050065e6786972a7be4f9bcb619168becdc943ce1122d1583c61f66409e3,unavailable,1000,384,16,10,0.01,batch-call-completion,corpus,218288.0,239818.0,239818.0,223075.0,333035.0,25552.217353548862,1.0,155981583,167490689988,227512320,11079296.0,394880.0,41472.0,,8480.0,25824.0,8797.0,97656.0,181089.0,0.0,40.0,,,Wgpu,,,12,True,completed,
a40-ca-mtl-secure,NVIDIA A40,CA-MTL-1,SECURE,common,c3-r10000-d128-b16-f1,current-gpu,730c050065e6786972a7be4f9bcb619168becdc943ce1122d1583c61f66409e3,unavailable,10000,128,16,10,1.0,batch-call-completion,corpus,414442.0,427716.0,427716.0,422667.0,560817.0,27198.3606188137,1.0,168568297,167490689988,238989312,14846528.0,772096.0,41472.0,,97664.0,124928.0,10268.0,287912.0,389839.0,0.0,40000.0,,,Wgpu,,,12,True,completed,
a40-ca-mtl-secure,NVIDIA A40,CA-MTL-1,SECURE,common,c4-r10000-d384-b1-f001,baseline-cpu,f37e744c7ee4054a74c4b4181f2dde61dade4d677bbc5493b9a36b61d165a45d,unavailable,10000,384,1,10,0.01,batch-call-completion,corpus,16979.0,18987.0,20209.0,18764.0,19311.0,23224.740735687206,1.0,48131586,165482303535,62779392,,0.0,0.0,,,,,,14598.0,,0.0,,,Cpu,,,192,True,completed,
a40-ca-mtl-secure,NVIDIA A40,CA-MTL-1,SECURE,common,c4-r10000-d384-b1-f001,baseline-gpu,f37e744c7ee4054a74c4b4181f2dde61dade4d677bbc5493b9a36b61d165a45d,unavailable,10000,384,1,10,0.01,batch-call-completion,corpus,123125.0,129394.0,138355.0,129147.0,138265.0,6509.2830512915225,1.0,194637179,165482303535,270753792,16652224.0,2000.0,160.0,,,,6811.0,73419.0,116079.0,3141.0,400.0,,,Wgpu,,,192,True,completed,
a40-ca-mtl-secure,NVIDIA A40,CA-MTL-1,SECURE,common,c4-r10000-d384-b1-f001,current-gpu,730c050065e6786972a7be4f9bcb619168becdc943ce1122d1583c61f66409e3,unavailable,10000,384,1,10,0.01,batch-call-completion,corpus,144683.0,151370.0,160437.0,150543.0,153678.0,5669.151172167869,1.0,200138232,167490689988,271990784,17178176.0,2000.0,192.0,,8448.0,25536.0,6840.0,95674.0,140142.0,0.0,400.0,,,Wgpu,,,192,True,completed,
a40-ca-mtl-secure,NVIDIA A40,CA-MTL-1,SECURE,common,c5-r100000-d128-b1-f001,baseline-cpu,f37e744c7ee4054a74c4b4181f2dde61dade4d677bbc5493b9a36b61d165a45d,unavailable,100000,128,1,10,0.01,batch-call-completion,corpus,65037.0,90237.0,97907.0,70043.0,94803.0,12536.93498580584,1.0,200596131,165482303535,190656512,,0.0,0.0,,,,,,63571.0,,0.0,,,Cpu,,,192,True,completed,
a40-ca-mtl-secure,NVIDIA A40,CA-MTL-1,SECURE,common,c5-r100000-d128-b1-f001,baseline-gpu,f37e744c7ee4054a74c4b4181f2dde61dade4d677bbc5493b9a36b61d165a45d,unavailable,100000,128,1,10,0.01,batch-call-completion,corpus,155485.0,165776.0,174276.0,162796.0,166004.0,5753.007047343743,1.0,361323081,165482303535,408985600,54651200.0,4576.0,160.0,,,,6849.0,80009.0,126995.0,25208.0,4000.0,,,Wgpu,,,192,True,completed,
a40-ca-mtl-secure,NVIDIA A40,CA-MTL-1,SECURE,common,c5-r100000-d128-b1-f001,current-gpu,730c050065e6786972a7be4f9bcb619168becdc943ce1122d1583c61f66409e3,unavailable,100000,128,1,10,0.01,batch-call-completion,corpus,152235.0,158960.0,170618.0,156223.0,167743.0,5842.861000710455,1.0,409236735,167490689988,408608768,55176128.0,4576.0,192.0,,7392.0,31200.0,7228.0,100921.0,149438.0,0.0,4000.0,,,Wgpu,,,192,True,completed,
a40-ca-mtl-secure,NVIDIA A40,CA-MTL-1,SECURE,common,c6-r100000-d384-b16-f1,current-gpu,730c050065e6786972a7be4f9bcb619168becdc943ce1122d1583c61f66409e3,unavailable,100000,384,16,10,1.0,batch-call-completion,corpus,13158017.0,13768480.0,13768480.0,12770525.0,13791770.0,1089.1852077756932,1.0,610708941,167490689988,718311424,165519296.0,6794240.0,41472.0,,6848128.0,4695200.0,80477.0,11774141.0,12961369.0,0.0,400000.0,,,Wgpu,,,12,True,completed,
a40-eu-se-secure,NVIDIA A40,EU-SE-1,SECURE,common,c1-r1000-d128-b1-f1,baseline-cpu,f37e744c7ee4054a74c4b4181f2dde61dade4d677bbc5493b9a36b61d165a45d,unavailable,1000,128,1,10,1.0,batch-call-completion,corpus,29164.0,31366.0,35052.0,30815.0,33205.0,24403.79433244755,1.0,2443081,170427136731,5521408,,0.0,0.0,,,,,,28099.0,,0.0,,,Cpu,,,192,True,completed,
a40-eu-se-secure,NVIDIA A40,EU-SE-1,SECURE,common,c1-r1000-d128-b1-f1,baseline-gpu,f37e744c7ee4054a74c4b4181f2dde61dade4d677bbc5493b9a36b61d165a45d,unavailable,1000,128,1,10,1.0,batch-call-completion,corpus,191106.0,230417.0,245595.0,213152.0,234433.0,4909.206149915957,1.0,157888698,170427136731,251686912,1587200.0,4576.0,160.0,,,,6949.0,137580.0,185823.0,3191.0,4000.0,,,Wgpu,,,192,True,completed,
a40-eu-se-secure,NVIDIA A40,EU-SE-1,SECURE,common,c1-r1000-d128-b1-f1,current-gpu,730c050065e6786972a7be4f9bcb619168becdc943ce1122d1583c61f66409e3,unavailable,1000,128,1,10,1.0,batch-call-completion,corpus,148368.0,177931.0,281744.0,163666.0,179230.0,5718.414205112726,1.0,186897831,178540517984,257060864,2112128.0,4576.0,192.0,,7104.0,28768.0,6869.0,98349.0,146231.0,0.0,4000.0,,,Wgpu,,,192,True,completed,
a40-eu-se-secure,NVIDIA A40,EU-SE-1,SECURE,common,c2-r1000-d384-b16-f001,current-gpu,730c050065e6786972a7be4f9bcb619168becdc943ce1122d1583c61f66409e3,unavailable,1000,384,16,10,0.01,batch-call-completion,corpus,247710.0,357355.0,357355.0,267861.0,397683.0,23417.36998054163,1.0,172812609,178540517984,228143104,11079296.0,394880.0,41472.0,,8736.0,25856.0,11054.0,116703.0,211037.0,0.0,40.0,,,Wgpu,,,12,True,completed,
a40-eu-se-secure,NVIDIA A40,EU-SE-1,SECURE,common,c3-r10000-d128-b16-f1,current-gpu,730c050065e6786972a7be4f9bcb619168becdc943ce1122d1583c61f66409e3,unavailable,10000,128,16,10,1.0,batch-call-completion,corpus,422499.0,432978.0,432978.0,427651.0,564807.0,26943.545273786414,1.0,179216010,178540517984,240615424,14846528.0,772096.0,41472.0,,97408.0,124576.0,9888.0,296857.0,402237.0,0.0,40000.0,,,Wgpu,,,12,True,completed,
a40-eu-se-secure,NVIDIA A40,EU-SE-1,SECURE,common,c4-r10000-d384-b1-f001,baseline-cpu,f37e744c7ee4054a74c4b4181f2dde61dade4d677bbc5493b9a36b61d165a45d,unavailable,10000,384,1,10,0.01,batch-call-completion,corpus,16996.0,19008.0,20454.0,18114.0,19226.0,22804.001389618836,1.0,56754154,170427136731,62791680,,0.0,0.0,,,,,,14495.0,,0.0,,,Cpu,,,192,True,completed,
a40-eu-se-secure,NVIDIA A40,EU-SE-1,SECURE,common,c4-r10000-d384-b1-f001,baseline-gpu,f37e744c7ee4054a74c4b4181f2dde61dade4d677bbc5493b9a36b61d165a45d,unavailable,10000,384,1,10,0.01,batch-call-completion,corpus,134439.0,173274.0,196977.0,158047.0,193856.0,5880.320771498085,1.0,324584716,170427136731,273870848,16652224.0,2000.0,160.0,,,,6890.0,78929.0,126795.0,3290.0,400.0,,,Wgpu,,,192,True,completed,
a40-eu-se-secure,NVIDIA A40,EU-SE-1,SECURE,common,c4-r10000-d384-b1-f001,current-gpu,730c050065e6786972a7be4f9bcb619168becdc943ce1122d1583c61f66409e3,unavailable,10000,384,1,10,0.01,batch-call-completion,corpus,140835.0,158153.0,262154.0,148516.0,233231.0,5598.544798243317,1.0,237002107,178540517984,273674240,17178176.0,2000.0,192.0,,8288.0,25344.0,6793.0,93978.0,137857.0,0.0,400.0,,,Wgpu,,,192,True,completed,
a40-eu-se-secure,NVIDIA A40,EU-SE-1,SECURE,common,c5-r100000-d128-b1-f001,baseline-cpu,f37e744c7ee4054a74c4b4181f2dde61dade4d677bbc5493b9a36b61d165a45d,unavailable,100000,128,1,10,0.01,batch-call-completion,corpus,63619.0,69164.0,78927.0,69031.0,70027.0,13013.962558423033,1.0,205418620,170427136731,190685184,,0.0,0.0,,,,,,62192.0,,0.0,,,Cpu,,,192,True,completed,
a40-eu-se-secure,NVIDIA A40,EU-SE-1,SECURE,common,c5-r100000-d128-b1-f001,baseline-gpu,f37e744c7ee4054a74c4b4181f2dde61dade4d677bbc5493b9a36b61d165a45d,unavailable,100000,128,1,10,0.01,batch-call-completion,corpus,166928.0,200688.0,233110.0,172825.0,270212.0,5209.9075835659005,1.0,678791267,170427136731,408424448,54651200.0,4576.0,160.0,,,,7605.0,83396.0,137571.0,26123.0,4000.0,,,Wgpu,,,192,True,completed,
a40-eu-se-secure,NVIDIA A40,EU-SE-1,SECURE,common,c5-r100000-d128-b1-f001,current-gpu,730c050065e6786972a7be4f9bcb619168becdc943ce1122d1583c61f66409e3,unavailable,100000,128,1,10,0.01,batch-call-completion,corpus,156267.0,166598.0,238547.0,165099.0,168556.0,5668.136455779812,1.0,1086632259,178540517984,407957504,55176128.0,4576.0,192.0,,7200.0,31008.0,7284.0,105300.0,154461.0,0.0,4000.0,,,Wgpu,,,192,True,completed,
a40-eu-se-secure,NVIDIA A40,EU-SE-1,SECURE,common,c6-r100000-d384-b16-f1,current-gpu,730c050065e6786972a7be4f9bcb619168becdc943ce1122d1583c61f66409e3,unavailable,100000,384,16,10,1.0,batch-call-completion,corpus,13079476.0,13746546.0,13746546.0,12718009.0,13875326.0,1105.332238432668,1.0,865501246,178540517984,717860864,165519296.0,6794240.0,41472.0,,6848416.0,4697632.0,81613.0,11701696.0,12876062.0,0.0,400000.0,,,Wgpu,,,12,True,completed,
a6000-eu-se-community,NVIDIA RTX A6000,EU-SE-1,COMMUNITY,common,c1-r1000-d128-b1-f1,current-gpu,,,1000,128,1,10,1.0,,,,,,,,,,,,,,,,,,,,,,,,,,,,,0,False,failed_or_unavailable,
a6000-eu-se-community,NVIDIA RTX A6000,EU-SE-1,COMMUNITY,common,c2-r1000-d384-b16-f001,current-gpu,,,1000,384,16,10,0.01,,,,,,,,,,,,,,,,,,,,,,,,,,,,,0,False,failed_or_unavailable,
a6000-eu-se-community,NVIDIA RTX A6000,EU-SE-1,COMMUNITY,common,c3-r10000-d128-b16-f1,current-gpu,,,10000,128,16,10,1.0,,,,,,,,,,,,,,,,,,,,,,,,,,,,,0,False,failed_or_unavailable,
a6000-eu-se-community,NVIDIA RTX A6000,EU-SE-1,COMMUNITY,common,c4-r10000-d384-b1-f001,current-gpu,,,10000,384,1,10,0.01,,,,,,,,,,,,,,,,,,,,,,,,,,,,,0,False,failed_or_unavailable,
a6000-eu-se-community,NVIDIA RTX A6000,EU-SE-1,COMMUNITY,common,c5-r100000-d128-b1-f001,current-gpu,,,100000,128,1,10,0.01,,,,,,,,,,,,,,,,,,,,,,,,,,,,,0,False,failed_or_unavailable,
a6000-eu-se-community,NVIDIA RTX A6000,EU-SE-1,COMMUNITY,common,c6-r100000-d384-b16-f1,current-gpu,,,100000,384,16,10,1.0,,,,,,,,,,,,,,,,,,,,,,,,,,,,,0,False,failed_or_unavailable,
a6000-us-tx-community,NVIDIA RTX A6000,US-TX-1,COMMUNITY,common,c1-r1000-d128-b1-f1,current-gpu,,,1000,128,1,10,1.0,,,,,,,,,,,,,,,,,,,,,,,,,,,,,0,False,failed_or_unavailable,
a6000-us-tx-community,NVIDIA RTX A6000,US-TX-1,COMMUNITY,common,c2-r1000-d384-b16-f001,current-gpu,,,1000,384,16,10,0.01,,,,,,,,,,,,,,,,,,,,,,,,,,,,,0,False,failed_or_unavailable,
a6000-us-tx-community,NVIDIA RTX A6000,US-TX-1,COMMUNITY,common,c3-r10000-d128-b16-f1,current-gpu,,,10000,128,16,10,1.0,,,,,,,,,,,,,,,,,,,,,,,,,,,,,0,False,failed_or_unavailable,
a6000-us-tx-community,NVIDIA RTX A6000,US-TX-1,COMMUNITY,common,c4-r10000-d384-b1-f001,current-gpu,,,10000,384,1,10,0.01,,,,,,,,,,,,,,,,,,,,,,,,,,,,,0,False,failed_or_unavailable,
a6000-us-tx-community,NVIDIA RTX A6000,US-TX-1,COMMUNITY,common,c5-r100000-d128-b1-f001,current-gpu,,,100000,128,1,10,0.01,,,,,,,,,,,,,,,,,,,,,,,,,,,,,0,False,failed_or_unavailable,
a6000-us-tx-community,NVIDIA RTX A6000,US-TX-1,COMMUNITY,common,c6-r100000-d384-b16-f1,current-gpu,,,100000,384,16,10,1.0,,,,,,,,,,,,,,,,,,,,,,,,,,,,,0,False,failed_or_unavailable,
l4-eu-ro-secure,NVIDIA L4,EU-RO-1,SECURE,common,c1-r1000-d128-b1-f1,current-gpu,,,1000,128,1,10,1.0,,,,,,,,,,,,,,,,,,,,,,,,,,,,,0,False,failed_or_unavailable,
l4-eu-ro-secure,NVIDIA L4,EU-RO-1,SECURE,common,c2-r1000-d384-b16-f001,current-gpu,,,1000,384,16,10,0.01,,,,,,,,,,,,,,,,,,,,,,,,,,,,,0,False,failed_or_unavailable,
l4-eu-ro-secure,NVIDIA L4,EU-RO-1,SECURE,common,c3-r10000-d128-b16-f1,current-gpu,,,10000,128,16,10,1.0,,,,,,,,,,,,,,,,,,,,,,,,,,,,,0,False,failed_or_unavailable,
l4-eu-ro-secure,NVIDIA L4,EU-RO-1,SECURE,common,c4-r10000-d384-b1-f001,current-gpu,,,10000,384,1,10,0.01,,,,,,,,,,,,,,,,,,,,,,,,,,,,,0,False,failed_or_unavailable,
l4-eu-ro-secure,NVIDIA L4,EU-RO-1,SECURE,common,c5-r100000-d128-b1-f001,current-gpu,,,100000,128,1,10,0.01,,,,,,,,,,,,,,,,,,,,,,,,,,,,,0,False,failed_or_unavailable,
l4-eu-ro-secure,NVIDIA L4,EU-RO-1,SECURE,common,c6-r100000-d384-b16-f1,current-gpu,,,100000,384,16,10,1.0,,,,,,,,,,,,,,,,,,,,,,,,,,,,,0,False,failed_or_unavailable,
l4-eur-is-secure,NVIDIA L4,EUR-IS-1,SECURE,common,c1-r1000-d128-b1-f1,current-gpu,,,1000,128,1,10,1.0,,,,,,,,,,,,,,,,,,,,,,,,,,,,,0,False,failed_or_unavailable,
l4-eur-is-secure,NVIDIA L4,EUR-IS-1,SECURE,common,c2-r1000-d384-b16-f001,current-gpu,,,1000,384,16,10,0.01,,,,,,,,,,,,,,,,,,,,,,,,,,,,,0,False,failed_or_unavailable,
l4-eur-is-secure,NVIDIA L4,EUR-IS-1,SECURE,common,c3-r10000-d128-b16-f1,current-gpu,,,10000,128,16,10,1.0,,,,,,,,,,,,,,,,,,,,,,,,,,,,,0,False,failed_or_unavailable,
l4-eur-is-secure,NVIDIA L4,EUR-IS-1,SECURE,common,c4-r10000-d384-b1-f001,current-gpu,,,10000,384,1,10,0.01,,,,,,,,,,,,,,,,,,,,,,,,,,,,,0,False,failed_or_unavailable,
l4-eur-is-secure,NVIDIA L4,EUR-IS-1,SECURE,common,c5-r100000-d128-b1-f001,current-gpu,,,100000,128,1,10,0.01,,,,,,,,,,,,,,,,,,,,,,,,,,,,,0,False,failed_or_unavailable,
l4-eur-is-secure,NVIDIA L4,EUR-IS-1,SECURE,common,c6-r100000-d384-b16-f1,current-gpu,,,100000,384,16,10,1.0,,,,,,,,,,,,,,,,,,,,,,,,,,,,,0,False,failed_or_unavailable,
rtx3090-eu-cz-community,NVIDIA GeForce RTX 3090,EU-CZ-1,COMMUNITY,common,c1-r1000-d128-b1-f1,current-gpu,,,1000,128,1,10,1.0,,,,,,,,,,,,,,,,,,,,,,,,,,,,,0,False,failed_or_unavailable,
rtx3090-eu-cz-community,NVIDIA GeForce RTX 3090,EU-CZ-1,COMMUNITY,common,c2-r1000-d384-b16-f001,current-gpu,,,1000,384,16,10,0.01,,,,,,,,,,,,,,,,,,,,,,,,,,,,,0,False,failed_or_unavailable,
rtx3090-eu-cz-community,NVIDIA GeForce RTX 3090,EU-CZ-1,COMMUNITY,common,c3-r10000-d128-b16-f1,current-gpu,,,10000,128,16,10,1.0,,,,,,,,,,,,,,,,,,,,,,,,,,,,,0,False,failed_or_unavailable,
rtx3090-eu-cz-community,NVIDIA GeForce RTX 3090,EU-CZ-1,COMMUNITY,common,c4-r10000-d384-b1-f001,current-gpu,,,10000,384,1,10,0.01,,,,,,,,,,,,,,,,,,,,,,,,,,,,,0,False,failed_or_unavailable,
rtx3090-eu-cz-community,NVIDIA GeForce RTX 3090,EU-CZ-1,COMMUNITY,common,c5-r100000-d128-b1-f001,current-gpu,,,100000,128,1,10,0.01,,,,,,,,,,,,,,,,,,,,,,,,,,,,,0,False,failed_or_unavailable,
rtx3090-eu-cz-community,NVIDIA GeForce RTX 3090,EU-CZ-1,COMMUNITY,common,c6-r100000-d384-b16-f1,current-gpu,,,100000,384,16,10,1.0,,,,,,,,,,,,,,,,,,,,,,,,,,,,,0,False,failed_or_unavailable,
rtx4090-eur-is-community,NVIDIA GeForce RTX 4090,EUR-IS-1,COMMUNITY,common,c1-r1000-d128-b1-f1,current-gpu,,,1000,128,1,10,1.0,,,,,,,,,,,,,,,,,,,,,,,,,,,,,0,False,failed_or_unavailable,
rtx4090-eur-is-community,NVIDIA GeForce RTX 4090,EUR-IS-1,COMMUNITY,common,c2-r1000-d384-b16-f001,current-gpu,,,1000,384,16,10,0.01,,,,,,,,,,,,,,,,,,,,,,,,,,,,,0,False,failed_or_unavailable,
rtx4090-eur-is-community,NVIDIA GeForce RTX 4090,EUR-IS-1,COMMUNITY,common,c3-r10000-d128-b16-f1,current-gpu,,,10000,128,16,10,1.0,,,,,,,,,,,,,,,,,,,,,,,,,,,,,0,False,failed_or_unavailable,
rtx4090-eur-is-community,NVIDIA GeForce RTX 4090,EUR-IS-1,COMMUNITY,common,c4-r10000-d384-b1-f001,current-gpu,,,10000,384,1,10,0.01,,,,,,,,,,,,,,,,,,,,,,,,,,,,,0,False,failed_or_unavailable,
rtx4090-eur-is-community,NVIDIA GeForce RTX 4090,EUR-IS-1,COMMUNITY,common,c5-r100000-d128-b1-f001,current-gpu,,,100000,128,1,10,0.01,,,,,,,,,,,,,,,,,,,,,,,,,,,,,0,False,failed_or_unavailable,
rtx4090-eur-is-community,NVIDIA GeForce RTX 4090,EUR-IS-1,COMMUNITY,common,c6-r100000-d384-b16-f1,current-gpu,,,100000,384,16,10,1.0,,,,,,,,,,,,,,,,,,,,,,,,,,,,,0,False,failed_or_unavailable,
rtx4090-eu-ro-community,NVIDIA GeForce RTX 4090,EU-RO-1,COMMUNITY,reference,c1-r1000-d128-b1-f1,current-gpu,,,1000,128,1,10,1.0,,,,,,,,,,,,,,,,,,,,,,,,,,,,,0,False,failed_or_unavailable,
rtx4090-eu-ro-community,NVIDIA GeForce RTX 4090,EU-RO-1,COMMUNITY,reference,c2-r1000-d384-b16-f001,current-gpu,,,1000,384,16,10,0.01,,,,,,,,,,,,,,,,,,,,,,,,,,,,,0,False,failed_or_unavailable,
rtx4090-eu-ro-community,NVIDIA GeForce RTX 4090,EU-RO-1,COMMUNITY,reference,c3-r10000-d128-b16-f1,current-gpu,,,10000,128,16,10,1.0,,,,,,,,,,,,,,,,,,,,,,,,,,,,,0,False,failed_or_unavailable,
rtx4090-eu-ro-community,NVIDIA GeForce RTX 4090,EU-RO-1,COMMUNITY,reference,c4-r10000-d384-b1-f001,current-gpu,,,10000,384,1,10,0.01,,,,,,,,,,,,,,,,,,,,,,,,,,,,,0,False,failed_or_unavailable,
rtx4090-eu-ro-community,NVIDIA GeForce RTX 4090,EU-RO-1,COMMUNITY,reference,c5-r100000-d128-b1-f001,current-gpu,,,100000,128,1,10,0.01,,,,,,,,,,,,,,,,,,,,,,,,,,,,,0,False,failed_or_unavailable,
rtx4090-eu-ro-community,NVIDIA GeForce RTX 4090,EU-RO-1,COMMUNITY,reference,c6-r100000-d384-b16-f1,current-gpu,,,100000,384,16,10,1.0,,,,,,,,,,,,,,,,,,,,,,,,,,,,,0,False,failed_or_unavailable,
rtx4090-eu-ro-secure-reference-retry,NVIDIA GeForce RTX 4090,EU-RO-1,SECURE,reference,c1-r1000-d128-b1-f1,baseline-cpu,f37e744c7ee4054a74c4b4181f2dde61dade4d677bbc5493b9a36b61d165a45d,unavailable,1000,128,1,10,1.0,batch-call-completion,corpus,13395.0,14607.0,17052.0,14107.0,16160.0,53811.176581375956,1.0,1489987,75897845163,6103040,,0.0,0.0,,,,,,12804.0,,0.0,,,Cpu,,,192,True,completed,
rtx4090-eu-ro-secure-reference-retry,NVIDIA GeForce RTX 4090,EU-RO-1,SECURE,reference,c1-r1000-d128-b1-f1,baseline-gpu,f37e744c7ee4054a74c4b4181f2dde61dade4d677bbc5493b9a36b61d165a45d,unavailable,1000,128,1,10,1.0,batch-call-completion,corpus,74058.0,79148.0,82234.0,78758.0,80280.0,12446.088019512355,1.0,95375038,75897845163,245100544,1587200.0,4576.0,160.0,,,,3236.0,52719.0,71664.0,1403.0,4000.0,,,Wgpu,,,192,True,completed,
rtx4090-eu-ro-secure-reference-retry,NVIDIA GeForce RTX 4090,EU-RO-1,SECURE,reference,c1-r1000-d128-b1-f1,chroma,730c050065e6786972a7be4f9bcb619168becdc943ce1122d1583c61f66409e3,unavailable,1000,128,1,10,1.0,python-collection-query-including-bindings-serialization,corpus,334236.0,348742.0,354303.0,339125.0,348883.0,2552.62241070857,1.0,347271622,77325954651,,,,,,,,,,,,,,,,,,3,True,completed,
rtx4090-eu-ro-secure-reference-retry,NVIDIA GeForce RTX 4090,EU-RO-1,SECURE,reference,c1-r1000-d128-b1-f1,current-cpu,730c050065e6786972a7be4f9bcb619168becdc943ce1122d1583c61f66409e3,unavailable,1000,128,1,10,1.0,batch-call-completion,corpus,13255.0,14306.0,16891.0,13946.0,14587.0,53469.27897512759,1.0,1474558,77325954651,6090752,,0.0,0.0,,,,,,12703.0,,0.0,,,Cpu,,,192,True,completed,
rtx4090-eu-ro-secure-reference-retry,NVIDIA GeForce RTX 4090,EU-RO-1,SECURE,reference,c1-r1000-d128-b1-f1,current-gpu,730c050065e6786972a7be4f9bcb619168becdc943ce1122d1583c61f66409e3,unavailable,1000,128,1,10,1.0,batch-call-completion,corpus,89047.0,94266.0,99215.0,92773.0,96200.0,10442.359562093125,1.0,104552213,77325954651,251432960,2112128.0,4576.0,192.0,,4032.0,19744.0,3146.0,67356.0,87944.0,0.0,4000.0,,,Wgpu,,,192,True,completed,
rtx4090-eu-ro-secure-reference-retry,NVIDIA GeForce RTX 4090,EU-RO-1,SECURE,reference,c1-r1000-d128-b1-f1,faiss-flat,730c050065e6786972a7be4f9bcb619168becdc943ce1122d1583c61f66409e3,,1000,128,1,10,1.0,host query input through host-visible IDs and cosine distances,prefiltered canonical eligible rows; build_and_filter_prepare_ns reported separately,27502.0,31368.0,34855.0,30166.0,32912.0,16494.003656514436,1.0,26011682,77325954651,55734272,,,,,,,,,,,,,,,,,3,True,completed,
rtx4090-eu-ro-secure-reference-retry,NVIDIA GeForce RTX 4090,EU-RO-1,SECURE,reference,c1-r1000-d128-b1-f1,numpy,730c050065e6786972a7be4f9bcb619168becdc943ce1122d1583c61f66409e3,,1000,128,1,10,1.0,host query input through host-visible IDs and cosine distances,prefiltered canonical eligible rows; build_and_filter_prepare_ns reported separately,56846.0,61525.0,70962.0,60763.0,61715.0,11052.507874480121,1.0,1092723,77325954651,42168320,520000,,,,,,,,,,,,,,,,3,True,completed,
rtx4090-eu-ro-secure-reference-retry,NVIDIA GeForce RTX 4090,EU-RO-1,SECURE,reference,c1-r1000-d128-b1-f1,torch-cpu,730c050065e6786972a7be4f9bcb619168becdc943ce1122d1583c61f66409e3,,1000,128,1,10,1.0,host query input through host-visible IDs and cosine distances,prefiltered canonical eligible rows; build_and_filter_prepare_ns reported separately,97011.0,104305.0,107531.0,103554.0,105277.0,6648.968635879934,1.0,776352379,77325954651,531255296,520000,,,,,,,,,,,,,,,,3,True,completed,
rtx4090-eu-ro-secure-reference-retry,NVIDIA GeForce RTX 4090,EU-RO-1,SECURE,reference,c1-r1000-d128-b1-f1,torch-cuda,730c050065e6786972a7be4f9bcb619168becdc943ce1122d1583c61f66409e3,,1000,128,1,10,1.0,host query input through host-visible IDs and cosine distances,prefiltered canonical eligible rows; build_and_filter_prepare_ns reported separately,272419.0,282198.0,291074.0,280194.0,282228.0,3018.150259648166,1.0,931028603,77325954651,1020698624,520000,,,232544.0,,,,,,,,,,,,,3,True,completed,
rtx4090-eu-ro-secure-reference-retry,NVIDIA GeForce RTX 4090,EU-RO-1,SECURE,reference,c2-r1000-d384-b16-f001,chroma,730c050065e6786972a7be4f9bcb619168becdc943ce1122d1583c61f66409e3,unavailable,1000,384,16,10,0.01,python-collection-query-including-bindings-serialization,corpus,3318988.0,3370965.0,3370965.0,3360144.0,3396072.0,4339.236932981232,1.0,371976129,77325954651,,,,,,,,,,,,,,,,,,3,True,completed,
rtx4090-eu-ro-secure-reference-retry,NVIDIA GeForce RTX 4090,EU-RO-1,SECURE,reference,c2-r1000-d384-b16-f001,current-cpu,730c050065e6786972a7be4f9bcb619168becdc943ce1122d1583c61f66409e3,unavailable,1000,384,16,10,0.01,batch-call-completion,corpus,43321.0,48370.0,48370.0,47569.0,49412.0,79239.30269413629,1.0,3534721,77325954651,10862592,,0.0,0.0,,,,,,1743.0,,0.0,,,Cpu,,,12,True,completed,
rtx4090-eu-ro-secure-reference-retry,NVIDIA GeForce RTX 4090,EU-RO-1,SECURE,reference,c2-r1000-d384-b16-f001,current-gpu,730c050065e6786972a7be4f9bcb619168becdc943ce1122d1583c61f66409e3,unavailable,1000,384,16,10,0.01,batch-call-completion,corpus,120225.0,134742.0,134742.0,123601.0,165139.0,56426.39309270416,1.0,106583713,77325954651,221634560,11079296.0,394880.0,41472.0,,5376.0,17408.0,5290.0,67776.0,105227.0,0.0,40.0,,,Wgpu,,,12,True,completed,
rtx4090-eu-ro-secure-reference-retry,NVIDIA GeForce RTX 4090,EU-RO-1,SECURE,reference,c2-r1000-d384-b16-f001,faiss-flat,730c050065e6786972a7be4f9bcb619168becdc943ce1122d1583c61f66409e3,,1000,384,16,10,0.01,host query input through host-visible IDs and cosine distances,prefiltered canonical eligible rows; build_and_filter_prepare_ns reported separately,73137.0,93665.0,93665.0,76082.0,98945.0,38899.437660004325,1.0,15635695,77325954651,53522432,,,,,,,,,,,,,,,,,3,True,completed,
rtx4090-eu-ro-secure-reference-retry,NVIDIA GeForce RTX 4090,EU-RO-1,SECURE,reference,c2-r1000-d384-b16-f001,numpy,730c050065e6786972a7be4f9bcb619168becdc943ce1122d1583c61f66409e3,,1000,384,16,10,0.01,host query input through host-visible IDs and cosine distances,prefiltered canonical eligible rows; build_and_filter_prepare_ns reported separately,42540.0,48050.0,48050.0,43652.0,54853.0,40895.666209572395,1.0,57958,77325954651,44290048,15440,,,,,,,,,,,,,,,,3,True,completed,
rtx4090-eu-ro-secure-reference-retry,NVIDIA GeForce RTX 4090,EU-RO-1,SECURE,reference,c2-r1000-d384-b16-f001,torch-cpu,730c050065e6786972a7be4f9bcb619168becdc943ce1122d1583c61f66409e3,,1000,384,16,10,0.01,host query input through host-visible IDs and cosine distances,prefiltered canonical eligible rows; build_and_filter_prepare_ns reported separately,109414.0,119734.0,119734.0,109595.0,130433.0,34068.593919927094,1.0,641183621,77325954651,530075648,15440,,,,,,,,,,,,,,,,3,True,completed,
rtx4090-eu-ro-secure-reference-retry,NVIDIA GeForce RTX 4090,EU-RO-1,SECURE,reference,c2-r1000-d384-b16-f001,torch-cuda,730c050065e6786972a7be4f9bcb619168becdc943ce1122d1583c61f66409e3,,1000,384,16,10,0.01,host query input through host-visible IDs and cosine distances,prefiltered canonical eligible rows; build_and_filter_prepare_ns reported separately,262972.0,288039.0,288039.0,268322.0,7454303.0,25149.42293863148,1.0,889911167,77325954651,1045196800,15440,,,223327.0,,,,,,,,,,,,,3,True,completed,
rtx4090-eu-ro-secure-reference-retry,NVIDIA GeForce RTX 4090,EU-RO-1,SECURE,reference,c3-r10000-d128-b16-f1,current-cpu,730c050065e6786972a7be4f9bcb619168becdc943ce1122d1583c61f66409e3,unavailable,10000,128,16,10,1.0,batch-call-completion,corpus,1982819.0,1998788.0,1998788.0,1990393.0,2009449.0,7795.118940117165,1.0,11006987,77325954651,21012480,,0.0,0.0,,,,,,122730.0,,0.0,,,Cpu,,,12,True,completed,
rtx4090-eu-ro-secure-reference-retry,NVIDIA GeForce RTX 4090,EU-RO-1,SECURE,reference,c3-r10000-d128-b16-f1,current-gpu,730c050065e6786972a7be4f9bcb619168becdc943ce1122d1583c61f66409e3,unavailable,10000,128,16,10,1.0,batch-call-completion,corpus,260196.0,269484.0,269484.0,260948.0,320470.0,47919.291932562584,1.0,114742763,77325954651,234827776,14846528.0,772096.0,41472.0,,46848.0,91648.0,7805.0,197800.0,248965.0,0.0,40000.0,,,Wgpu,,,12,True,completed,
rtx4090-eu-ro-secure-reference-retry,NVIDIA GeForce RTX 4090,EU-RO-1,SECURE,reference,c3-r10000-d128-b16-f1,faiss-flat,730c050065e6786972a7be4f9bcb619168becdc943ce1122d1583c61f66409e3,,10000,128,16,10,1.0,host query input through host-visible IDs and cosine distances,prefiltered canonical eligible rows; build_and_filter_prepare_ns reported separately,478725.0,482793.0,482793.0,482132.0,555619.0,20315.254661239953,1.0,23659703,77325954651,91136000,,,,,,,,,,,,,,,,,3,True,completed,
rtx4090-eu-ro-secure-reference-retry,NVIDIA GeForce RTX 4090,EU-RO-1,SECURE,reference,c3-r10000-d128-b16-f1,numpy,730c050065e6786972a7be4f9bcb619168becdc943ce1122d1583c61f66409e3,,10000,128,16,10,1.0,host query input through host-visible IDs and cosine distances,prefiltered canonical eligible rows; build_and_filter_prepare_ns reported separately,7834905.0,7898524.0,7898524.0,7836568.0,8018187.0,1954.4164130913164,1.0,6786513,77325954651,78508032,5200000,,,,,,,,,,,,,,,,3,True,completed,
rtx4090-eu-ro-secure-reference-retry,NVIDIA GeForce RTX 4090,EU-RO-1,SECURE,reference,c3-r10000-d128-b16-f1,torch-cpu,730c050065e6786972a7be4f9bcb619168becdc943ce1122d1583c61f66409e3,,10000,128,16,10,1.0,host query input through host-visible IDs and cosine distances,prefiltered canonical eligible rows; build_and_filter_prepare_ns reported separately,454250.0,460040.0,460040.0,458818.0,1629628.0,20137.723147211476,1.0,645850830,77325954651,557531136,5200000,,,,,,,,,,,,,,,,3,True,completed,
rtx4090-eu-ro-secure-reference-retry,NVIDIA GeForce RTX 4090,EU-RO-1,SECURE,reference,c3-r10000-d128-b16-f1,torch-cuda,730c050065e6786972a7be4f9bcb619168becdc943ce1122d1583c61f66409e3,,10000,128,16,10,1.0,host query input through host-visible IDs and cosine distances,prefiltered canonical eligible rows; build_and_filter_prepare_ns reported separately,320189.0,327112.0,327112.0,323595.0,8019450.0,24707.992070278797,1.0,905474035,77325954651,1064321024,5200000,,,277087.0,,,,,,,,,,,,,3,True,completed,
rtx4090-eu-ro-secure-reference-retry,NVIDIA GeForce RTX 4090,EU-RO-1,SECURE,reference,c4-r10000-d384-b1-f001,baseline-cpu,f37e744c7ee4054a74c4b4181f2dde61dade4d677bbc5493b9a36b61d165a45d,unavailable,10000,384,1,10,0.01,batch-call-completion,corpus,7394.0,8185.0,9708.0,8146.0,8726.0,56879.53536529549,1.0,28520424,75897845163,62812160,,0.0,0.0,,,,,,6412.0,,0.0,,,Cpu,,,192,True,completed,
rtx4090-eu-ro-secure-reference-retry,NVIDIA GeForce RTX 4090,EU-RO-1,SECURE,reference,c4-r10000-d384-b1-f001,baseline-gpu,f37e744c7ee4054a74c4b4181f2dde61dade4d677bbc5493b9a36b61d165a45d,unavailable,10000,384,1,10,0.01,batch-call-completion,corpus,72005.0,77706.0,88957.0,77445.0,80020.0,11815.460234330114,1.0,121850787,75897845163,266489856,16652224.0,2000.0,160.0,,,,3286.0,50985.0,69059.0,1443.0,400.0,,,Wgpu,,,192,True,completed,
rtx4090-eu-ro-secure-reference-retry,NVIDIA GeForce RTX 4090,EU-RO-1,SECURE,reference,c4-r10000-d384-b1-f001,chroma,730c050065e6786972a7be4f9bcb619168becdc943ce1122d1583c61f66409e3,unavailable,10000,384,1,10,0.01,python-collection-query-including-bindings-serialization,corpus,2938065.0,3262473.0,3366516.0,3243396.0,3285675.0,327.2814158504967,1.0,1913755410,77325954651,,,,,,,,,,,,,,,,,,3,True,completed,
rtx4090-eu-ro-secure-reference-retry,NVIDIA GeForce RTX 4090,EU-RO-1,SECURE,reference,c4-r10000-d384-b1-f001,current-cpu,730c050065e6786972a7be4f9bcb619168becdc943ce1122d1583c61f66409e3,unavailable,10000,384,1,10,0.01,batch-call-completion,corpus,7554.0,8165.0,8716.0,8165.0,8446.0,54651.341519648864,1.0,28420097,77325954651,62472192,,0.0,0.0,,,,,,6502.0,,0.0,,,Cpu,,,192,True,completed,
rtx4090-eu-ro-secure-reference-retry,NVIDIA GeForce RTX 4090,EU-RO-1,SECURE,reference,c4-r10000-d384-b1-f001,current-gpu,730c050065e6786972a7be4f9bcb619168becdc943ce1122d1583c61f66409e3,unavailable,10000,384,1,10,0.01,batch-call-completion,corpus,86021.0,91050.0,95900.0,90419.0,93434.0,10150.329552652773,1.0,133219051,77325954651,266772480,17178176.0,2000.0,192.0,,5440.0,17408.0,3076.0,66244.0,84568.0,0.0,400.0,,,Wgpu,,,192,True,completed,
rtx4090-eu-ro-secure-reference-retry,NVIDIA GeForce RTX 4090,EU-RO-1,SECURE,reference,c4-r10000-d384-b1-f001,faiss-flat,730c050065e6786972a7be4f9bcb619168becdc943ce1122d1583c61f66409e3,,10000,384,1,10,0.01,host query input through host-visible IDs and cosine distances,prefiltered canonical eligible rows; build_and_filter_prepare_ns reported separately,22211.0,27632.0,29104.0,26319.0,27973.0,17591.043959743994,1.0,16539085,77325954651,79929344,,,,,,,,,,,,,,,,,3,True,completed,
rtx4090-eu-ro-secure-reference-retry,NVIDIA GeForce RTX 4090,EU-RO-1,SECURE,reference,c4-r10000-d384-b1-f001,numpy,730c050065e6786972a7be4f9bcb619168becdc943ce1122d1583c61f66409e3,,10000,384,1,10,0.01,host query input through host-visible IDs and cosine distances,prefiltered canonical eligible rows; build_and_filter_prepare_ns reported separately,20118.0,21831.0,25808.0,21370.0,23023.0,18942.36489506226,1.0,160971,77325954651,73953280,154400,,,,,,,,,,,,,,,,3,True,completed,
rtx4090-eu-ro-secure-reference-retry,NVIDIA GeForce RTX 4090,EU-RO-1,SECURE,reference,c4-r10000-d384-b1-f001,torch-cpu,730c050065e6786972a7be4f9bcb619168becdc943ce1122d1583c61f66409e3,,10000,384,1,10,0.01,host query input through host-visible IDs and cosine distances,prefiltered canonical eligible rows; build_and_filter_prepare_ns reported separately,93204.0,99526.0,100528.0,97803.0,99626.0,6568.620427547398,1.0,650072837,77325954651,549105664,154400,,,,,,,,,,,,,,,,3,True,completed,
rtx4090-eu-ro-secure-reference-retry,NVIDIA GeForce RTX 4090,EU-RO-1,SECURE,reference,c4-r10000-d384-b1-f001,torch-cuda,730c050065e6786972a7be4f9bcb619168becdc943ce1122d1583c61f66409e3,,10000,384,1,10,0.01,host query input through host-visible IDs and cosine distances,prefiltered canonical eligible rows; build_and_filter_prepare_ns reported separately,272710.0,291685.0,298048.0,280945.0,300852.0,2954.3491204210245,1.0,892468250,77325954651,1043763200,154400,,,233280.0,,,,,,,,,,,,,3,True,completed,
rtx4090-eu-ro-secure-reference-retry,NVIDIA GeForce RTX 4090,EU-RO-1,SECURE,reference,c5-r100000-d128-b1-f001,baseline-cpu,f37e744c7ee4054a74c4b4181f2dde61dade4d677bbc5493b9a36b61d165a45d,unavailable,100000,128,1,10,0.01,batch-call-completion,corpus,30247.0,35867.0,41328.0,34184.0,36689.0,27314.33507519124,1.0,102865538,75897845163,190603264,,0.0,0.0,,,,,,29586.0,,0.0,,,Cpu,,,192,True,completed,
rtx4090-eu-ro-secure-reference-retry,NVIDIA GeForce RTX 4090,EU-RO-1,SECURE,reference,c5-r100000-d128-b1-f001,baseline-gpu,f37e744c7ee4054a74c4b4181f2dde61dade4d677bbc5493b9a36b61d165a45d,unavailable,100000,128,1,10,0.01,batch-call-completion,corpus,93284.0,102251.0,104205.0,99716.0,105858.0,9823.897428686947,1.0,188174349,75897845163,403664896,54651200.0,4576.0,160.0,,,,3286.0,59181.0,79538.0,12413.0,4000.0,,,Wgpu,,,192,True,completed,
rtx4090-eu-ro-secure-reference-retry,NVIDIA GeForce RTX 4090,EU-RO-1,SECURE,reference,c5-r100000-d128-b1-f001,chroma,730c050065e6786972a7be4f9bcb619168becdc943ce1122d1583c61f66409e3,unavailable,100000,128,1,10,0.01,python-collection-query-including-bindings-serialization,corpus,26044303.0,29165070.0,34125468.0,28702575.0,30488525.0,37.610168447335276,1.0,19404575468,77325954651,,,,,,,,,,,,,,,,,,3,True,completed,
rtx4090-eu-ro-secure-reference-retry,NVIDIA GeForce RTX 4090,EU-RO-1,SECURE,reference,c5-r100000-d128-b1-f001,current-cpu,730c050065e6786972a7be4f9bcb619168becdc943ce1122d1583c61f66409e3,unavailable,100000,128,1,10,0.01,batch-call-completion,corpus,29876.0,34053.0,41678.0,32170.0,34344.0,27494.314261730407,1.0,101051184,77325954651,190967808,,0.0,0.0,,,,,,29375.0,,0.0,,,Cpu,,,192,True,completed,
rtx4090-eu-ro-secure-reference-retry,NVIDIA GeForce RTX 4090,EU-RO-1,SECURE,reference,c5-r100000-d128-b1-f001,current-gpu,730c050065e6786972a7be4f9bcb619168becdc943ce1122d1583c61f66409e3,unavailable,100000,128,1,10,0.01,batch-call-completion,corpus,90579.0,95328.0,100608.0,95298.0,128030.0,10269.879598499057,1.0,191286970,77325954651,403759104,55176128.0,4576.0,192.0,,4448.0,21440.0,3175.0,69129.0,89608.0,0.0,4000.0,,,Wgpu,,,192,True,completed,
rtx4090-eu-ro-secure-reference-retry,NVIDIA GeForce RTX 4090,EU-RO-1,SECURE,reference,c5-r100000-d128-b1-f001,faiss-flat,730c050065e6786972a7be4f9bcb619168becdc943ce1122d1583c61f66409e3,,100000,128,1,10,0.01,host query input through host-visible IDs and cosine distances,prefiltered canonical eligible rows; build_and_filter_prepare_ns reported separately,27051.0,30126.0,34634.0,29816.0,30518.0,16078.277092022512,1.0,17629704,77325954651,132681728,,,,,,,,,,,,,,,,,3,True,completed,
rtx4090-eu-ro-secure-reference-retry,NVIDIA GeForce RTX 4090,EU-RO-1,SECURE,reference,c5-r100000-d128-b1-f001,numpy,730c050065e6786972a7be4f9bcb619168becdc943ce1122d1583c61f66409e3,,100000,128,1,10,0.01,host query input through host-visible IDs and cosine distances,prefiltered canonical eligible rows; build_and_filter_prepare_ns reported separately,56976.0,62697.0,66765.0,62647.0,63309.0,11022.396131138958,1.0,578793,77325954651,118038528,520000,,,,,,,,,,,,,,,,3,True,completed,
rtx4090-eu-ro-secure-reference-retry,NVIDIA GeForce RTX 4090,EU-RO-1,SECURE,reference,c5-r100000-d128-b1-f001,torch-cpu,730c050065e6786972a7be4f9bcb619168becdc943ce1122d1583c61f66409e3,,100000,128,1,10,0.01,host query input through host-visible IDs and cosine distances,prefiltered canonical eligible rows; build_and_filter_prepare_ns reported separately,98995.0,111067.0,116568.0,109905.0,111248.0,6458.237153531974,1.0,637532091,77325954651,608124928,520000,,,,,,,,,,,,,,,,3,True,completed,
rtx4090-eu-ro-secure-reference-retry,NVIDIA GeForce RTX 4090,EU-RO-1,SECURE,reference,c5-r100000-d128-b1-f001,torch-cuda,730c050065e6786972a7be4f9bcb619168becdc943ce1122d1583c61f66409e3,,100000,128,1,10,0.01,host query input through host-visible IDs and cosine distances,prefiltered canonical eligible rows; build_and_filter_prepare_ns reported separately,272290.0,291585.0,331180.0,288590.0,291756.0,2981.879398446832,1.0,905365362,77325954651,1082089472,520000,,,233055.0,,,,,,,,,,,,,3,True,completed,
rtx4090-eu-ro-secure-reference-retry,NVIDIA GeForce RTX 4090,EU-RO-1,SECURE,reference,c6-r100000-d384-b16-f1,current-cpu,730c050065e6786972a7be4f9bcb619168becdc943ce1122d1583c61f66409e3,unavailable,100000,384,16,10,1.0,batch-call-completion,corpus,67089292.0,68057514.0,68057514.0,67599217.0,82716331.0,236.76640251601,1.0,262795358,77325954651,350912512,,0.0,0.0,,,,,,4108554.0,,0.0,,,Cpu,,,12,True,completed,
rtx4090-eu-ro-secure-reference-retry,NVIDIA GeForce RTX 4090,EU-RO-1,SECURE,reference,c6-r100000-d384-b16-f1,current-gpu,730c050065e6786972a7be4f9bcb619168becdc943ce1122d1583c61f66409e3,unavailable,100000,384,16,10,1.0,batch-call-completion,corpus,4024598.0,4047861.0,4047861.0,4017354.0,4095139.0,3739.604338174758,1.0,354798550,77325954651,711753728,165519296.0,6794240.0,41472.0,,2560288.0,1105184.0,43001.0,3722652.0,3981477.0,0.0,400000.0,,,Wgpu,,,12,True,completed,
rtx4090-eu-ro-secure-reference-retry,NVIDIA GeForce RTX 4090,EU-RO-1,SECURE,reference,c6-r100000-d384-b16-f1,faiss-flat,730c050065e6786972a7be4f9bcb619168becdc943ce1122d1583c61f66409e3,,100000,384,16,10,1.0,host query input through host-visible IDs and cosine distances,prefiltered canonical eligible rows; build_and_filter_prepare_ns reported separately,32537047.0,33118935.0,33118935.0,31714198.0,33542327.0,481.3259157199224,1.0,250913395,77325954651,1161179136,,,,,,,,,,,,,,,,,3,True,completed,
rtx4090-eu-ro-secure-reference-retry,NVIDIA GeForce RTX 4090,EU-RO-1,SECURE,reference,c6-r100000-d384-b16-f1,numpy,730c050065e6786972a7be4f9bcb619168becdc943ce1122d1583c61f66409e3,,100000,384,16,10,1.0,host query input through host-visible IDs and cosine distances,prefiltered canonical eligible rows; build_and_filter_prepare_ns reported separately,112960369.0,114172457.0,114172457.0,111604904.0,116618823.0,140.46361094606758,1.0,148065219,77325954651,1147117568,154400000,,,,,,,,,,,,,,,,3,True,completed,
rtx4090-eu-ro-secure-reference-retry,NVIDIA GeForce RTX 4090,EU-RO-1,SECURE,reference,c6-r100000-d384-b16-f1,torch-cpu,730c050065e6786972a7be4f9bcb619168becdc943ce1122d1583c61f66409e3,,100000,384,16,10,1.0,host query input through host-visible IDs and cosine distances,prefiltered canonical eligible rows; build_and_filter_prepare_ns reported separately,19381000.0,26731097.0,26731097.0,23832937.0,27449831.0,713.0734814089097,1.0,903016940,77325954651,1279950848,154400000,,,,,,,,,,,,,,,,3,True,completed,
rtx4090-eu-ro-secure-reference-retry,NVIDIA GeForce RTX 4090,EU-RO-1,SECURE,reference,c6-r100000-d384-b16-f1,torch-cuda,730c050065e6786972a7be4f9bcb619168becdc943ce1122d1583c61f66409e3,,100000,384,16,10,1.0,host query input through host-visible IDs and cosine distances,prefiltered canonical eligible rows; build_and_filter_prepare_ns reported separately,531394.0,567332.0,567332.0,541893.0,8090923.0,17458.686337514053,1.0,979806847,77325954651,1386803200,154400000,,,497119.0,,,,,,,,,,,,,3,True,completed,
rtx4090-eu-ro-secure-reference-retry,NVIDIA GeForce RTX 4090,EU-RO-1,SECURE,reference,c3-r10000-d128-b16-f1,chroma,730c050065e6786972a7be4f9bcb619168becdc943ce1122d1583c61f66409e3,unavailable,10000,128,16,10,1.0,python-collection-query-including-bindings-serialization,corpus,,,,,,,,,,,,,,,,,,,,,,,,,,,0,False,failed,"{
  ""status"": ""tuning-failed"",
  ""build_ns"": 1456939870,
  ""readiness_and_tuning_ns"": 8540134,
  ""tuning_recall_at_10"": 0.8,
  ""recall_target"": 0.99,
  ""heldout_queries_run"": 0,
  ""ef_search"": 128
}"
rtx4090-eu-ro-secure-reference-retry,NVIDIA GeForce RTX 4090,EU-RO-1,SECURE,reference,c6-r100000-d384-b16-f1,chroma,730c050065e6786972a7be4f9bcb619168becdc943ce1122d1583c61f66409e3,unavailable,100000,384,16,10,1.0,python-collection-query-including-bindings-serialization,corpus,,,,,,,,,,,,,,,,,,,,,,,,,,,0,False,failed,"{
  ""status"": ""tuning-failed"",
  ""build_ns"": 31948465520,
  ""readiness_and_tuning_ns"": 19392892,
  ""tuning_recall_at_10"": 0.17500000000000002,
  ""recall_target"": 0.99,
  ""heldout_queries_run"": 0,
  ""ef_search"": 128
}"
rtx4090-eu-ro-secure-reference-retry,NVIDIA GeForce RTX 4090,EU-RO-1,SECURE,reference,lifecycle:add-batch,current-gpu,730c050065e6786972a7be4f9bcb619168becdc943ce1122d1583c61f66409e3,unavailable,10000,384,1,10,1.0,completed synchronous mutation then completed first search,unfiltered,555379.0,740094.0,740094.0,403245.0,740094.0,,,,,,17220296.0,41900.0,,,,,,,,,,22070480.0,22072665.0,Wgpu,0.0,,3,True,completed,
rtx4090-eu-ro-secure-reference-retry,NVIDIA GeForce RTX 4090,EU-RO-1,SECURE,reference,lifecycle:add-one,current-gpu,730c050065e6786972a7be4f9bcb619168becdc943ce1122d1583c61f66409e3,unavailable,10000,384,1,10,1.0,completed synchronous mutation then completed first search,unfiltered,595253.0,598309.0,598309.0,353251.0,598309.0,,,,,,17207816.0,41804.0,,,,,,,,,,21762384.0,21995239.0,Wgpu,0.0,,3,True,completed,
rtx4090-eu-ro-secure-reference-retry,NVIDIA GeForce RTX 4090,EU-RO-1,SECURE,reference,lifecycle:delete-batch,current-gpu,730c050065e6786972a7be4f9bcb619168becdc943ce1122d1583c61f66409e3,unavailable,10000,384,1,10,1.0,completed synchronous mutation then completed first search,unfiltered,538988.0,818721.0,818721.0,402482.0,818721.0,,,,,,17220296.0,41872.0,,,,,,,,,,21743950.0,21958140.0,Wgpu,0.0,True,3,True,completed,
rtx4090-eu-ro-secure-reference-retry,NVIDIA GeForce RTX 4090,EU-RO-1,SECURE,reference,lifecycle:delete-one,current-gpu,730c050065e6786972a7be4f9bcb619168becdc943ce1122d1583c61f66409e3,unavailable,10000,384,1,10,1.0,completed synchronous mutation then completed first search,unfiltered,523970.0,631140.0,631140.0,398405.0,631140.0,,,,,,17207816.0,41804.0,,,,,,,,,,21747776.0,22002754.0,Wgpu,0.0,True,3,True,completed,
rtx4090-eu-ro-secure-reference-retry,NVIDIA GeForce RTX 4090,EU-RO-1,SECURE,reference,lifecycle:reopen,current-gpu,730c050065e6786972a7be4f9bcb619168becdc943ce1122d1583c61f66409e3,unavailable,10000,384,1,10,1.0,completed reopen plus first completed search,unfiltered,101295702.0,101295702.0,101295702.0,,,,,52168927,,,,,,,,,,,,,,,,Wgpu,1.0,,1,True,completed,
rtx4090-eu-ro-secure-deep,NVIDIA GeForce RTX 4090,EU-RO-1,SECURE,deep,d1-r5000-d384-b8-k10-f01,baseline-cpu,f37e744c7ee4054a74c4b4181f2dde61dade4d677bbc5493b9a36b61d165a45d,unavailable,5000,384,8,10,0.1,batch-call-completion,corpus,232218.0,414903.0,414903.0,265208.0,430315.0,21133.871850805433,1.0,20060491,88204180642,31756288,,0.0,0.0,,,,,,27912.0,,0.0,,,Cpu,,,24,True,completed,
rtx4090-eu-ro-secure-deep,NVIDIA GeForce RTX 4090,EU-RO-1,SECURE,deep,d1-r5000-d384-b8-k10-f01,baseline-gpu,f37e744c7ee4054a74c4b4181f2dde61dade4d677bbc5493b9a36b61d165a45d,unavailable,5000,384,8,10,0.1,batch-call-completion,corpus,109224.0,117426.0,117426.0,114973.0,144297.0,39841.10867845175,1.0,143743472,88204180642,267563008,12547328.0,114816.0,10240.0,,,,4517.0,62253.0,92950.0,7271.0,2000.0,,,Wgpu,,,24,True,completed,
rtx4090-eu-ro-secure-deep,NVIDIA GeForce RTX 4090,EU-RO-1,SECURE,deep,d1-r5000-d384-b8-k10-f01,chroma-ef512,730c050065e6786972a7be4f9bcb619168becdc943ce1122d1583c61f66409e3,unavailable,5000,384,8,10,0.1,python-collection-query-including-bindings-serialization,corpus,10651443.0,12254828.0,12254828.0,10880096.0,12883002.0,692.73530648883,1.0,919615392,192714829239,,,,,,,,,,,,,,,,,,3,True,completed,
rtx4090-eu-ro-secure-deep,NVIDIA GeForce RTX 4090,EU-RO-1,SECURE,deep,d1-r5000-d384-b8-k10-f01,current-cpu,730c050065e6786972a7be4f9bcb619168becdc943ce1122d1583c61f66409e3,unavailable,5000,384,8,10,0.1,batch-call-completion,corpus,231007.0,238958.0,238958.0,237346.0,241693.0,24957.70838321625,1.0,22103747,192714829239,34197504,,0.0,0.0,,,,,,27882.0,,0.0,,,Cpu,,,24,True,completed,
rtx4090-eu-ro-secure-deep,NVIDIA GeForce RTX 4090,EU-RO-1,SECURE,deep,d1-r5000-d384-b8-k10-f01,current-gpu,730c050065e6786972a7be4f9bcb619168becdc943ce1122d1583c61f66409e3,unavailable,5000,384,8,10,0.1,batch-call-completion,corpus,122414.0,132148.0,132148.0,131688.0,170666.0,37113.32553953497,1.0,142883081,192714829239,275136512,13084032.0,114816.0,10496.0,,6688.0,18624.0,4127.0,81592.0,113391.0,0.0,2000.0,,,Wgpu,,,24,True,completed,
rtx4090-eu-ro-secure-deep,NVIDIA GeForce RTX 4090,EU-RO-1,SECURE,deep,d1-r5000-d384-b8-k10-f01,faiss-flat,730c050065e6786972a7be4f9bcb619168becdc943ce1122d1583c61f66409e3,,5000,384,8,10,0.1,host query input through host-visible IDs and cosine distances,prefiltered canonical eligible rows; build_and_filter_prepare_ns reported separately,91588.0,102233.0,102233.0,101953.0,129664.0,26079.529525287362,1.0,20645750,192714829239,66347008,,,,,,,,,,,,,,,,,3,True,completed,
rtx4090-eu-ro-secure-deep,NVIDIA GeForce RTX 4090,EU-RO-1,SECURE,deep,d1-r5000-d384-b8-k10-f01,numpy,730c050065e6786972a7be4f9bcb619168becdc943ce1122d1583c61f66409e3,,5000,384,8,10,0.1,host query input through host-visible IDs and cosine distances,prefiltered canonical eligible rows; build_and_filter_prepare_ns reported separately,205208.0,215183.0,215183.0,213861.0,459870.0,19118.27130201103,1.0,438108,192714829239,68698112,772000,,,,,,,,,,,,,,,,3,True,completed,
rtx4090-eu-ro-secure-deep,NVIDIA GeForce RTX 4090,EU-RO-1,SECURE,deep,d1-r5000-d384-b8-k10-f01,torch-cpu,730c050065e6786972a7be4f9bcb619168becdc943ce1122d1583c61f66409e3,,5000,384,8,10,0.1,host query input through host-visible IDs and cosine distances,prefiltered canonical eligible rows; build_and_filter_prepare_ns reported separately,193180.0,198488.0,198488.0,196004.0,1413802.0,18071.112084943263,1.0,1172523930,192714829239,535719936,772000,,,,,,,,,,,,,,,,3,True,completed,
rtx4090-eu-ro-secure-deep,NVIDIA GeForce RTX 4090,EU-RO-1,SECURE,deep,d1-r5000-d384-b8-k10-f01,torch-cuda,730c050065e6786972a7be4f9bcb619168becdc943ce1122d1583c61f66409e3,,5000,384,8,10,0.1,host query input through host-visible IDs and cosine distances,prefiltered canonical eligible rows; build_and_filter_prepare_ns reported separately,324036.0,344366.0,344366.0,338127.0,14204885.0,13933.510593713418,1.0,1089583725,192714829239,1049010176,772000,,,279455.0,,,,,,,,,,,,,3,True,completed,
rtx4090-eu-ro-secure-deep,NVIDIA GeForce RTX 4090,EU-RO-1,SECURE,deep,d1-r5000-d384-b8-k10-f01,usearch,730c050065e6786972a7be4f9bcb619168becdc943ce1122d1583c61f66409e3,unavailable,5000,384,8,10,0.1,batch-call-completion,corpus,4435846.0,4555015.0,4555015.0,4540974.0,4601525.0,1751.438046942973,1.0,23164700,192714829239,42278912,,0.0,0.0,,,20.0,,,531838.0,,0.0,,,Usearch,,,24,True,completed,
rtx4090-eu-ro-secure-deep,NVIDIA GeForce RTX 4090,EU-RO-1,SECURE,deep,d2-r25000-d384-b64-k10-f1,current-cpu,730c050065e6786972a7be4f9bcb619168becdc943ce1122d1583c61f66409e3,unavailable,25000,384,64,10,1.0,batch-call-completion,corpus,69060968.0,69060968.0,69060968.0,64142517.0,70102612.0,913.5904980193072,1.0,88683132,192714829239,102121472,,0.0,0.0,,,,,,1036485.0,,0.0,,,Cpu,,,3,True,completed,
rtx4090-eu-ro-secure-deep,NVIDIA GeForce RTX 4090,EU-RO-1,SECURE,deep,d2-r25000-d384-b64-k10-f1,current-gpu,730c050065e6786972a7be4f9bcb619168becdc943ce1122d1583c61f66409e3,unavailable,25000,384,64,10,1.0,batch-call-completion,corpus,1262164.0,1262164.0,1262164.0,1258599.0,1469665.0,32324.848565660606,1.0,234487015,192714829239,342540288,73930880.0,12695552.0,657408.0,,720576.0,258016.0,14282.0,1046280.0,1197176.0,0.0,100000.0,,,Wgpu,,,3,True,completed,
rtx4090-eu-ro-secure-deep,NVIDIA GeForce RTX 4090,EU-RO-1,SECURE,deep,d2-r25000-d384-b64-k10-f1,faiss-flat,730c050065e6786972a7be4f9bcb619168becdc943ce1122d1583c61f66409e3,,25000,384,64,10,1.0,host query input through host-visible IDs and cosine distances,prefiltered canonical eligible rows; build_and_filter_prepare_ns reported separately,25346033.0,25346033.0,25346033.0,21403958.0,25448406.0,2356.7754421642153,1.0,76604357,192714829239,335147008,,,,,,,,,,,,,,,,,3,True,completed,
rtx4090-eu-ro-secure-deep,NVIDIA GeForce RTX 4090,EU-RO-1,SECURE,deep,d2-r25000-d384-b64-k10-f1,numpy,730c050065e6786972a7be4f9bcb619168becdc943ce1122d1583c61f66409e3,,25000,384,64,10,1.0,host query input through host-visible IDs and cosine distances,prefiltered canonical eligible rows; build_and_filter_prepare_ns reported separately,105074537.0,105074537.0,105074537.0,104142599.0,105996722.0,598.5965604342339,1.0,50133937,192714829239,320847872,38600000,,,,,,,,,,,,,,,,3,True,completed,
rtx4090-eu-ro-secure-deep,NVIDIA GeForce RTX 4090,EU-RO-1,SECURE,deep,d2-r25000-d384-b64-k10-f1,torch-cpu,730c050065e6786972a7be4f9bcb619168becdc943ce1122d1583c61f66409e3,,25000,384,64,10,1.0,host query input through host-visible IDs and cosine distances,prefiltered canonical eligible rows; build_and_filter_prepare_ns reported separately,12037133.0,12037133.0,12037133.0,12028660.0,17186458.0,4586.887364752221,1.0,840522631,192714829239,709918720,38600000,,,,,,,,,,,,,,,,3,True,completed,
rtx4090-eu-ro-secure-deep,NVIDIA GeForce RTX 4090,EU-RO-1,SECURE,deep,d2-r25000-d384-b64-k10-f1,torch-cuda,730c050065e6786972a7be4f9bcb619168becdc943ce1122d1583c61f66409e3,,25000,384,64,10,1.0,host query input through host-visible IDs and cosine distances,prefiltered canonical eligible rows; build_and_filter_prepare_ns reported separately,515684.0,515684.0,515684.0,411197.0,12192625.0,31713.02880236738,1.0,1072190606,192714829239,1132417024,38600000,,,458431.0,,,,,,,,,,,,,3,True,completed,
rtx4090-eu-ro-secure-deep,NVIDIA GeForce RTX 4090,EU-RO-1,SECURE,deep,d2-r25000-d384-b64-k10-f1,usearch,730c050065e6786972a7be4f9bcb619168becdc943ce1122d1583c61f66409e3,unavailable,25000,384,64,10,1.0,batch-call-completion,corpus,83313304.0,83313304.0,83313304.0,78405189.0,83597931.0,758.8554188460391,0.3453125000000001,90756113,192714829239,144592896,,0.0,0.0,,,21.0,,,832389.0,,0.0,,,Usearch,,,3,False,completed,
rtx4090-eu-ro-secure-deep,NVIDIA GeForce RTX 4090,EU-RO-1,SECURE,deep,d3-r50000-d384-b1-k10-compound,baseline-cpu,f37e744c7ee4054a74c4b4181f2dde61dade4d677bbc5493b9a36b61d165a45d,unavailable,50000,384,1,10,0.001,batch-call-completion,selected-user-population,6790.0,9484.0,10636.0,6960.0,9645.0,52123.92789631899,1.0,169855533,88204180642,259231744,,0.0,0.0,,,,,,5629.0,,0.0,,,Cpu,,,192,True,completed,
rtx4090-eu-ro-secure-deep,NVIDIA GeForce RTX 4090,EU-RO-1,SECURE,deep,d3-r50000-d384-b1-k10-compound,baseline-gpu,f37e744c7ee4054a74c4b4181f2dde61dade4d677bbc5493b9a36b61d165a45d,unavailable,50000,384,1,10,0.001,batch-call-completion,selected-user-population,82514.0,89335.0,100271.0,88192.0,89854.0,10260.88459406738,1.0,282700361,88204180642,462168064,79052224.0,1800.0,160.0,,,,3645.0,58698.0,78668.0,1993.0,200.0,,,Wgpu,,,192,True,completed,
rtx4090-eu-ro-secure-deep,NVIDIA GeForce RTX 4090,EU-RO-1,SECURE,deep,d3-r50000-d384-b1-k10-compound,chroma-ef512,730c050065e6786972a7be4f9bcb619168becdc943ce1122d1583c61f66409e3,unavailable,50000,384,1,10,0.001,python-collection-query-including-bindings-serialization,selected-user-population,60458369.0,64596839.0,67677703.0,61366092.0,65498833.0,16.400504022954717,1.0,13013559330,192714829239,,,,,,,,,,,,,,,,,,3,True,completed,
rtx4090-eu-ro-secure-deep,NVIDIA GeForce RTX 4090,EU-RO-1,SECURE,deep,d3-r50000-d384-b1-k10-compound,current-cpu,730c050065e6786972a7be4f9bcb619168becdc943ce1122d1583c61f66409e3,unavailable,50000,384,1,10,0.001,batch-call-completion,selected-user-population,6931.0,7471.0,8813.0,7391.0,7701.0,52142.6557884051,1.0,170526270,192714829239,262729728,,0.0,0.0,,,,,,5769.0,,0.0,,,Cpu,,,192,True,completed,
rtx4090-eu-ro-secure-deep,NVIDIA GeForce RTX 4090,EU-RO-1,SECURE,deep,d3-r50000-d384-b1-k10-compound,current-gpu,730c050065e6786972a7be4f9bcb619168becdc943ce1122d1583c61f66409e3,unavailable,50000,384,1,10,0.001,batch-call-completion,selected-user-population,100520.0,144707.0,148673.0,130726.0,149093.0,8000.767073543177,1.0,283643976,192714829239,464977920,79578176.0,1800.0,192.0,,5952.0,17664.0,3636.0,77636.0,98808.0,0.0,200.0,,,Wgpu,,,192,True,completed,
rtx4090-eu-ro-secure-deep,NVIDIA GeForce RTX 4090,EU-RO-1,SECURE,deep,d3-r50000-d384-b1-k10-compound,faiss-flat,730c050065e6786972a7be4f9bcb619168becdc943ce1122d1583c61f66409e3,,50000,384,1,10,0.001,host query input through host-visible IDs and cosine distances,prefiltered canonical eligible rows; build_and_filter_prepare_ns reported separately,24236.0,29294.0,34201.0,28172.0,32639.0,15607.689030452797,1.0,23847254,192714829239,143364096,,,,,,,,,,,,,,,,,3,True,completed,
rtx4090-eu-ro-secure-deep,NVIDIA GeForce RTX 4090,EU-RO-1,SECURE,deep,d3-r50000-d384-b1-k10-compound,numpy,730c050065e6786972a7be4f9bcb619168becdc943ce1122d1583c61f66409e3,,50000,384,1,10,0.001,host query input through host-visible IDs and cosine distances,prefiltered canonical eligible rows; build_and_filter_prepare_ns reported separately,21322.0,24997.0,29675.0,23335.0,26610.0,16951.958414727014,1.0,169394,192714829239,135942144,77200,,,,,,,,,,,,,,,,3,True,completed,
rtx4090-eu-ro-secure-deep,NVIDIA GeForce RTX 4090,EU-RO-1,SECURE,deep,d3-r50000-d384-b1-k10-compound,torch-cpu,730c050065e6786972a7be4f9bcb619168becdc943ce1122d1583c61f66409e3,,50000,384,1,10,0.001,host query input through host-visible IDs and cosine distances,prefiltered canonical eligible rows; build_and_filter_prepare_ns reported separately,99099.0,107101.0,111718.0,103165.0,108633.0,6049.495268869345,1.0,747301881,192714829239,616677376,77200,,,,,,,,,,,,,,,,3,True,completed,
rtx4090-eu-ro-secure-deep,NVIDIA GeForce RTX 4090,EU-RO-1,SECURE,deep,d3-r50000-d384-b1-k10-compound,torch-cuda,730c050065e6786972a7be4f9bcb619168becdc943ce1122d1583c61f66409e3,,50000,384,1,10,0.001,host query input through host-visible IDs and cosine distances,prefiltered canonical eligible rows; build_and_filter_prepare_ns reported separately,298047.0,320190.0,336775.0,313631.0,328102.0,2695.641896778312,1.0,1065657694,192714829239,1109524480,77200,,,253087.0,,,,,,,,,,,,,3,True,completed,
rtx4090-eu-ro-secure-deep,NVIDIA GeForce RTX 4090,EU-RO-1,SECURE,deep,d3-r50000-d384-b1-k10-compound,usearch,730c050065e6786972a7be4f9bcb619168becdc943ce1122d1583c61f66409e3,unavailable,50000,384,1,10,0.001,batch-call-completion,selected-user-population,23771761.0,24580013.0,25258180.0,24495036.0,24697139.0,41.95251369672059,1.0,168104496,192714829239,309399552,,0.0,0.0,,,170.0,,,23738620.0,,0.0,,,Usearch,,,192,True,completed,
rtx4090-eu-ro-secure-deep,NVIDIA GeForce RTX 4090,EU-RO-1,SECURE,deep,d6-r25000-d768-b64-k64-f001,current-cpu,730c050065e6786972a7be4f9bcb619168becdc943ce1122d1583c61f66409e3,unavailable,25000,768,64,64,0.01,batch-call-completion,corpus,3001905.0,3001905.0,3001905.0,2910538.0,3101063.0,5851.084594523951,1.0,160426265,192714829239,266854400,,0.0,0.0,,,,,,48163.0,,0.0,,,Cpu,,,3,True,completed,
rtx4090-eu-ro-secure-deep,NVIDIA GeForce RTX 4090,EU-RO-1,SECURE,deep,d6-r25000-d768-b64-k64-f001,current-gpu,730c050065e6786972a7be4f9bcb619168becdc943ce1122d1583c61f66409e3,unavailable,25000,768,64,64,0.01,batch-call-completion,corpus,492659.0,492659.0,492659.0,460011.0,547131.0,7270.315675970664,1.0,274424673,192714829239,466497536,112527488.0,12651008.0,4196352.0,,19968.0,95680.0,18297.0,222544.0,396094.0,0.0,1000.0,,,Wgpu,,,3,True,completed,
rtx4090-eu-ro-secure-deep,NVIDIA GeForce RTX 4090,EU-RO-1,SECURE,deep,d6-r25000-d768-b64-k64-f001,faiss-flat,730c050065e6786972a7be4f9bcb619168becdc943ce1122d1583c61f66409e3,,25000,768,64,64,0.01,host query input through host-visible IDs and cosine distances,prefiltered canonical eligible rows; build_and_filter_prepare_ns reported separately,909195.0,909195.0,909195.0,901483.0,910856.0,11017.999451510215,1.0,19286701,192714829239,159145984,,,,,,,,,,,,,,,,,3,True,completed,
rtx4090-eu-ro-secure-deep,NVIDIA GeForce RTX 4090,EU-RO-1,SECURE,deep,d6-r25000-d768-b64-k64-f001,numpy,730c050065e6786972a7be4f9bcb619168becdc943ce1122d1583c61f66409e3,,25000,768,64,64,0.01,host query input through host-visible IDs and cosine distances,prefiltered canonical eligible rows; build_and_filter_prepare_ns reported separately,787081.0,787081.0,787081.0,771067.0,880952.0,11356.161702515763,1.0,476765,192714829239,161542144,770000,,,,,,,,,,,,,,,,3,True,completed,
rtx4090-eu-ro-secure-deep,NVIDIA GeForce RTX 4090,EU-RO-1,SECURE,deep,d6-r25000-d768-b64-k64-f001,torch-cpu,730c050065e6786972a7be4f9bcb619168becdc943ce1122d1583c61f66409e3,,25000,768,64,64,0.01,host query input through host-visible IDs and cosine distances,prefiltered canonical eligible rows; build_and_filter_prepare_ns reported separately,771838.0,771838.0,771838.0,769585.0,873831.0,11184.380453477695,1.0,761160887,192714829239,609767424,770000,,,,,,,,,,,,,,,,3,True,completed,
rtx4090-eu-ro-secure-deep,NVIDIA GeForce RTX 4090,EU-RO-1,SECURE,deep,d6-r25000-d768-b64-k64-f001,torch-cuda,730c050065e6786972a7be4f9bcb619168becdc943ce1122d1583c61f66409e3,,25000,768,64,64,0.01,host query input through host-visible IDs and cosine distances,prefiltered canonical eligible rows; build_and_filter_prepare_ns reported separately,538297.0,538297.0,538297.0,394693.0,19552159.0,11834.59307029101,1.0,1036558700,192714829239,1125289984,770000,,,466688.0,,,,,,,,,,,,,3,True,completed,
rtx4090-eu-ro-secure-deep,NVIDIA GeForce RTX 4090,EU-RO-1,SECURE,deep,real-r100000-d384-b16-k10-f001,chroma-ef512,730c050065e6786972a7be4f9bcb619168becdc943ce1122d1583c61f66409e3,unavailable,100000,384,16,10,0.01,python-collection-query-including-bindings-serialization,corpus,546632910.0,555963681.0,559387879.0,552029948.0,556075979.0,29.217893432718686,1.0,24310920425,192714829239,,,,,,,,,,,,,,,,,,3,True,completed,
rtx4090-eu-ro-secure-deep,NVIDIA GeForce RTX 4090,EU-RO-1,SECURE,deep,real-r100000-d384-b16-k10-f001,current-cpu,730c050065e6786972a7be4f9bcb619168becdc943ce1122d1583c61f66409e3,unavailable,100000,384,16,10,0.01,batch-call-completion,corpus,880461.0,941633.0,952049.0,938848.0,942515.0,14837.286951990147,1.0,334211626,192714829239,516009984,,0.0,0.0,,,,,,55724.0,,0.0,,,Cpu,,,939,True,completed,
rtx4090-eu-ro-secure-deep,NVIDIA GeForce RTX 4090,EU-RO-1,SECURE,deep,real-r100000-d384-b16-k10-f001,current-gpu,730c050065e6786972a7be4f9bcb619168becdc943ce1122d1583c61f66409e3,unavailable,100000,384,16,10,0.01,batch-call-completion,corpus,155594.0,171958.0,209404.0,160842.0,187191.0,46216.64704030534,1.0,465188721,192714829239,719474688,165519296.0,458240.0,41472.0,,14048.0,21760.0,5078.0,93500.0,134612.0,0.0,4000.0,,,Wgpu,,,939,True,completed,
rtx4090-eu-ro-secure-deep,NVIDIA GeForce RTX 4090,EU-RO-1,SECURE,deep,real-r100000-d384-b16-k10-f001,faiss-flat,730c050065e6786972a7be4f9bcb619168becdc943ce1122d1583c61f66409e3,,100000,384,16,10,0.01,host query input through host-visible IDs and cosine distances,prefiltered canonical eligible rows; build_and_filter_prepare_ns reported separately,225107.0,242735.0,248273.0,237116.0,283095.0,25976.17450727535,1.0,19712439,192714829239,264544256,,,,,,,,,,,,,,,,,3,True,completed,
rtx4090-eu-ro-secure-deep,NVIDIA GeForce RTX 4090,EU-RO-1,SECURE,deep,real-r100000-d384-b16-k10-f001,numpy,730c050065e6786972a7be4f9bcb619168becdc943ce1122d1583c61f66409e3,,100000,384,16,10,0.01,host query input through host-visible IDs and cosine distances,prefiltered canonical eligible rows; build_and_filter_prepare_ns reported separately,732869.0,749214.0,756145.0,747332.0,750326.0,14114.044198310066,1.0,970607,192714829239,252588032,1544000,,,,,,,,,,,,,,,,3,True,completed,
rtx4090-eu-ro-secure-deep,NVIDIA GeForce RTX 4090,EU-RO-1,SECURE,deep,real-r100000-d384-b16-k10-f001,torch-cpu,730c050065e6786972a7be4f9bcb619168becdc943ce1122d1583c61f66409e3,,100000,384,16,10,0.01,host query input through host-visible IDs and cosine distances,prefiltered canonical eligible rows; build_and_filter_prepare_ns reported separately,248823.0,268323.0,272559.0,266539.0,302224.0,23764.089812023863,1.0,764744133,192714829239,728539136,1544000,,,,,,,,,,,,,,,,3,True,completed,
rtx4090-eu-ro-secure-deep,NVIDIA GeForce RTX 4090,EU-RO-1,SECURE,deep,real-r100000-d384-b16-k10-f001,torch-cuda,730c050065e6786972a7be4f9bcb619168becdc943ce1122d1583c61f66409e3,,100000,384,16,10,0.01,host query input through host-visible IDs and cosine distances,prefiltered canonical eligible rows; build_and_filter_prepare_ns reported separately,324216.0,351387.0,363135.0,348112.0,353200.0,20200.79558490119,1.0,1056008274,192714829239,1239752704,1544000,,,279136.0,,,,,,,,,,,,,3,True,completed,
rtx4090-eu-ro-secure-deep,NVIDIA GeForce RTX 4090,EU-RO-1,SECURE,deep,real-r100000-d384-b16-k10-f001,usearch,730c050065e6786972a7be4f9bcb619168becdc943ce1122d1583c61f66409e3,unavailable,100000,384,16,10,0.01,batch-call-completion,corpus,277864865.0,294632365.0,300941160.0,294381648.0,294693576.0,57.500130902095506,0.99994,351125923,192714829239,615567360,,0.0,0.0,,,110.0,,,17487050.0,,0.0,,,Usearch,,,939,True,completed,
rtx4090-eu-ro-secure-deep,NVIDIA GeForce RTX 4090,EU-RO-1,SECURE,deep,d2-r25000-d384-b64-k10-f1,chroma-ef512,730c050065e6786972a7be4f9bcb619168becdc943ce1122d1583c61f66409e3,unavailable,25000,384,64,10,1.0,python-collection-query-including-bindings-serialization,corpus,,,,,,,,,,,,,,,,,,,,,,,,,,,0,False,failed,"{
  ""status"": ""tuning-failed"",
  ""build_ns"": 5313896421,
  ""readiness_and_tuning_ns"": 46854226,
  ""tuning_recall_at_10"": 0.76875,
  ""recall_target"": 0.99,
  ""heldout_queries_run"": 0,
  ""ef_search"": 512
}"
rtx4090-eu-ro-secure-deep,NVIDIA GeForce RTX 4090,EU-RO-1,SECURE,deep,d4-r100000-d768-b1-k1-f1,current-cpu,730c050065e6786972a7be4f9bcb619168becdc943ce1122d1583c61f66409e3,unavailable,100000,768,1,1,1.0,batch-call-completion,corpus,,,,,,,,,,,,,,,,,,,,,,,,,,,0,False,failed,exit_code=1
rtx4090-eu-ro-secure-deep,NVIDIA GeForce RTX 4090,EU-RO-1,SECURE,deep,d5-r100000-d768-b8-k64-f01,current-cpu,730c050065e6786972a7be4f9bcb619168becdc943ce1122d1583c61f66409e3,unavailable,100000,768,8,64,0.1,batch-call-completion,corpus,,,,,,,,,,,,,,,,,,,,,,,,,,,0,False,failed,exit_code=1
rtx4090-eu-ro-secure-deep768,NVIDIA GeForce RTX 4090,EU-RO-1,SECURE,deep768,d4-r100000-d768-b1-k1-f1,current-cpu,,,,,,,,,,,,,,,,,,,,,,,,,,,,,,,,,,,,0,False,invalid_harness,harness passed internal cell labels as qenlo-bench positional arguments; no benchmark executed
rtx4090-eu-ro-secure-deep768,NVIDIA GeForce RTX 4090,EU-RO-1,SECURE,deep768,d5-r100000-d768-b8-k64-f01,current-cpu,,,,,,,,,,,,,,,,,,,,,,,,,,,,,,,,,,,,0,False,invalid_harness,harness passed internal cell labels as qenlo-bench positional arguments; no benchmark executed
rtx4090-eu-ro-secure-deep768-admission-fix,NVIDIA GeForce RTX 4090,EU-RO-1,SECURE,deep768,d4-r100000-d768-b1-k1-f1,current-cpu,bb195fedb6519c26598c6c103e7e182982c2eddd0a06d9c2cf54eb5cb5ceeb19,unavailable,100000,768,1,1,1.0,batch-call-completion,corpus,9009730.0,9408908.0,9818483.0,9122849.0,10641258.0,110.65926856893131,1.0,605720482,91912272130,665792512,,0.0,0.0,,,,,,9031832.0,,0.0,,,Cpu,,,192,True,completed,
rtx4090-eu-ro-secure-deep768-admission-fix,NVIDIA GeForce RTX 4090,EU-RO-1,SECURE,deep768,d4-r100000-d768-b1-k1-f1,current-gpu,bb195fedb6519c26598c6c103e7e182982c2eddd0a06d9c2cf54eb5cb5ceeb19,unavailable,100000,768,1,1,1.0,batch-call-completion,corpus,869805.0,897146.0,919650.0,893540.0,926721.0,1139.2080560236889,1.0,716117404,91912272130,1203675136,311181248.0,403136.0,48.0,,326016.0,198336.0,25249.0,585879.0,843996.0,0.0,400000.0,,,Wgpu,,,192,True,completed,
rtx4090-eu-ro-secure-deep768-admission-fix,NVIDIA GeForce RTX 4090,EU-RO-1,SECURE,deep768,d4-r100000-d768-b1-k1-f1,faiss-flat,bb195fedb6519c26598c6c103e7e182982c2eddd0a06d9c2cf54eb5cb5ceeb19,,100000,768,1,1,1.0,host query input through host-visible IDs and cosine distances,prefiltered canonical eligible rows; build_and_filter_prepare_ns reported separately,14482641.0,14800348.0,15091695.0,14644214.0,15205266.0,68.53321731316419,1.0,437146294,91912272130,2245419008,,,,,,,,,,,,,,,,,3,True,completed,
rtx4090-eu-ro-secure-deep768-admission-fix,NVIDIA GeForce RTX 4090,EU-RO-1,SECURE,deep768,d4-r100000-d768-b1-k1-f1,numpy,bb195fedb6519c26598c6c103e7e182982c2eddd0a06d9c2cf54eb5cb5ceeb19,,100000,768,1,1,1.0,host query input through host-visible IDs and cosine distances,prefiltered canonical eligible rows; build_and_filter_prepare_ns reported separately,14506697.0,15342732.0,16818417.0,14828820.0,15758376.0,67.86609347458975,1.0,308783324,91912272130,2234200064,308000000,,,,,,,,,,,,,,,,3,True,completed,
rtx4090-eu-ro-secure-deep768-admission-fix,NVIDIA GeForce RTX 4090,EU-RO-1,SECURE,deep768,d4-r100000-d768-b1-k1-f1,torch-cpu,bb195fedb6519c26598c6c103e7e182982c2eddd0a06d9c2cf54eb5cb5ceeb19,,100000,768,1,1,1.0,host query input through host-visible IDs and cosine distances,prefiltered canonical eligible rows; build_and_filter_prepare_ns reported separately,18324106.0,18694852.0,19713581.0,18541532.0,18942904.0,54.233644094317235,1.0,1930634685,91912272130,2005553152,308000000,,,,,,,,,,,,,,,,3,True,completed,
rtx4090-eu-ro-secure-deep768-admission-fix,NVIDIA GeForce RTX 4090,EU-RO-1,SECURE,deep768,d4-r100000-d768-b1-k1-f1,torch-cuda,bb195fedb6519c26598c6c103e7e182982c2eddd0a06d9c2cf54eb5cb5ceeb19,,100000,768,1,1,1.0,host query input through host-visible IDs and cosine distances,prefiltered canonical eligible rows; build_and_filter_prepare_ns reported separately,653841.0,670757.0,696826.0,665899.0,676985.0,1385.0506933964136,1.0,1118438293,91912272130,1669283840,308000000,,,607583.0,,,,,,,,,,,,,3,True,completed,
rtx4090-eu-ro-secure-deep768-admission-fix,NVIDIA GeForce RTX 4090,EU-RO-1,SECURE,deep768,d5-r100000-d768-b8-k64-f01,current-cpu,bb195fedb6519c26598c6c103e7e182982c2eddd0a06d9c2cf54eb5cb5ceeb19,unavailable,100000,768,8,64,0.1,batch-call-completion,corpus,27401877.0,28598793.0,28598793.0,27379604.0,33848591.0,276.92244798959405,1.0,560897835,91912272130,666050560,,0.0,0.0,,,,,,3466020.0,,0.0,,,Cpu,,,24,True,completed,
rtx4090-eu-ro-secure-deep768-admission-fix,NVIDIA GeForce RTX 4090,EU-RO-1,SECURE,deep768,d5-r100000-d768-b8-k64-f01,current-gpu,bb195fedb6519c26598c6c103e7e182982c2eddd0a06d9c2cf54eb5cb5ceeb19,unavailable,100000,768,8,64,0.1,batch-call-completion,corpus,841513.0,896204.0,896204.0,877116.0,905649.0,4191.31190813273,1.0,673848649,91912272130,1174577152,314908608.0,517120.0,65792.0,,72352.0,613216.0,7551.0,763045.0,825979.0,0.0,40000.0,,,Wgpu,,,24,True,completed,
rtx4090-eu-ro-secure-deep768-admission-fix,NVIDIA GeForce RTX 4090,EU-RO-1,SECURE,deep768,d5-r100000-d768-b8-k64-f01,faiss-flat,bb195fedb6519c26598c6c103e7e182982c2eddd0a06d9c2cf54eb5cb5ceeb19,,100000,768,8,64,0.1,host query input through host-visible IDs and cosine distances,prefiltered canonical eligible rows; build_and_filter_prepare_ns reported separately,2716476.0,3055385.0,3055385.0,3010818.0,3226752.0,1963.545670139422,1.0,58310315,91912272130,588222464,,,,,,,,,,,,,,,,,3,True,completed,
rtx4090-eu-ro-secure-deep768-admission-fix,NVIDIA GeForce RTX 4090,EU-RO-1,SECURE,deep768,d5-r100000-d768-b8-k64-f01,numpy,bb195fedb6519c26598c6c103e7e182982c2eddd0a06d9c2cf54eb5cb5ceeb19,,100000,768,8,64,0.1,host query input through host-visible IDs and cosine distances,prefiltered canonical eligible rows; build_and_filter_prepare_ns reported separately,5972282.0,6202396.0,6202396.0,6062807.0,6377981.0,1125.529753000913,1.0,31665325,91912272130,573128704,30800000,,,,,,,,,,,,,,,,3,True,completed,
rtx4090-eu-ro-secure-deep768-admission-fix,NVIDIA GeForce RTX 4090,EU-RO-1,SECURE,deep768,d5-r100000-d768-b8-k64-f01,torch-cpu,bb195fedb6519c26598c6c103e7e182982c2eddd0a06d9c2cf54eb5cb5ceeb19,,100000,768,8,64,0.1,host query input through host-visible IDs and cosine distances,prefiltered canonical eligible rows; build_and_filter_prepare_ns reported separately,2847313.0,2936026.0,2936026.0,2758089.0,5236698.0,1963.9029121274043,1.0,771646637,91912272130,970719232,30800000,,,,,,,,,,,,,,,,3,True,completed,
rtx4090-eu-ro-secure-deep768-admission-fix,NVIDIA GeForce RTX 4090,EU-RO-1,SECURE,deep768,d5-r100000-d768-b8-k64-f01,torch-cuda,bb195fedb6519c26598c6c103e7e182982c2eddd0a06d9c2cf54eb5cb5ceeb19,,100000,768,8,64,0.1,host query input through host-visible IDs and cosine distances,prefiltered canonical eligible rows; build_and_filter_prepare_ns reported separately,369885.0,384076.0,384076.0,380301.0,10209068.0,6758.884606619187,1.0,1043609341,91912272130,1423425536,30800000,,,319040.0,,,,,,,,,,,,,3,True,completed,
rtx4090-eu-ro-secure-deep768-retry,NVIDIA GeForce RTX 4090,EU-RO-1,SECURE,deep768,d4-r100000-d768-b1-k1-f1,current-cpu,730c050065e6786972a7be4f9bcb619168becdc943ce1122d1583c61f66409e3,unavailable,100000,768,1,1,1.0,batch-call-completion,corpus,,,,,,,,,,,,,,,,,,,,,,,,,,,0,False,failed,exit_code=1
rtx4090-eu-ro-secure-deep768-retry,NVIDIA GeForce RTX 4090,EU-RO-1,SECURE,deep768,d5-r100000-d768-b8-k64-f01,current-cpu,730c050065e6786972a7be4f9bcb619168becdc943ce1122d1583c61f66409e3,unavailable,100000,768,8,64,0.1,batch-call-completion,corpus,,,,,,,,,,,,,,,,,,,,,,,,,,,0,False,failed,exit_code=1
